90.1112,1120.07,82.6111,-0.0079606944687071,-0.0017245928472782,-0.0013724277465829,0.0062361016214289,0.0065882667221242,-0.0003521651006952,0.7847807271650654,-0.1123886009375289,-0.2743396124282037,-0.0079606944687071,-0.0017245928472782,-0.0013724277465829,0.17,2.66,0.085,3837862.0,355795000.0,125410750.0,0.4763,1.1885,-0.1,130837.0,23714100.0,63116670.0,9.1,3.6667,4.7333,-48123.0,12689740000000.0,744358000000.0
88.68220000000001,1116.2100000000003,82.3845,-0.0079606944687071,-0.0017245928472782,-0.0013724277465829002,0.0062361016214289005,0.0065882667221242,-0.0003521651006952,0.7847807271650654,-0.11238860093752892,-0.2743396124282037,-0.0079606944687071,-0.0017245928472782,-0.0013724277465829002,0.15000000000000002,2.84,0.10099999999999999,3837862.0000000005,355795000.0,125410750.0,0.5099,0.1797000000000002,0.09999999999999999,131275.00000000003,23714100.0,63116670.0,8.9,3.6667,4.7333,-41383.00000000001,12689740000000.0,744358000000.0
87.94235000000002,1115.0912000000005,82.19438300000002,-0.008255165982744594,-0.0010002590353963509,-0.0023084534388472513,0.0072549069473482435,0.00594671254389733,0.0013081944034509872,0.7847807271650654,-0.11238860093752892,-0.2743396124282037,-0.0079606944687071,-0.0017245928472782,-0.0013724277465829002,0.13870000000000005,2.9404,0.10691999999999997,3837862.0000000005,355795000.0,125410750.0,0.587176,-0.29746499999999965,0.22599999999999998,131494.91000000006,23714100.0,63116670.0,8.813,3.6667,4.7333,-38393.770000000004,12689740000000.0,744358000000.0
87.08927650000001,1109.6757440000008,82.21319621000004,-0.009570923448804556,-0.004894192496757307,0.00022140950433487312,0.00467673095204725,0.009792332953139414,-0.005115602001092121,0.7847807271650654,-0.11238860093752892,-0.2743396124282037,-0.008255165982744594,-0.0010002590353963509,-0.0023084534388472513,0.12336900000000003,3.0418480000000003,0.10860039999999997,3844559.964,356140891.0,125173441.5,0.6253061200000001,-0.7442345499999996,0.31562,131727.39170000007,23863197.0,63081570.0,8.753310000000003,3.623358,4.724641999999999,-35669.4999,11804423360000.0,432689240000.0
86.31972405500001,1103.687761280001,81.99246821270003,-0.008645228062716614,-0.005423290317848987,-0.002690831413093038,0.003221937744867626,0.005954396649623546,-0.002732458904755906,0.7847807271650654,-0.11238860093752892,-0.2743396124282037,-0.009570923448804556,-0.004894192496757307,0.00022140950433487312,0.10757003000000004,3.1334957600000006,0.10962474799999997,3851932.87668,356521637.1700001,124912219.60500002,0.6376260444,-1.1087121084999998,0.3768094,131946.6234790001,24027318.39,63042933.0,8.696989700000003,3.5756484600000005,4.715111539999999,-34083.321813,10829894043200.0,89613858800.0
85.64525113285002,1097.3990439936013,81.67485296874905,-0.007589277992317829,-0.00570531892501089,-0.0038898427560441354,0.0018839590673069423,0.0036994352362736647,-0.0018154761689667277,0.7847807271650654,-0.11238860093752892,-0.2743396124282037,-0.008645228062716614,-0.005423290317848987,-0.002690831413093038,0.09282385610000003,3.2359738712000006,0.10932791875999996,3859692.0557916,356922330.6079001,124637312.31135002,0.5686221950279999,-1.3976115478949998,0.394575578,132166.1633757301,24200038.089300003,63002271.81,8.668391739000004,3.525439420200001,4.705081779799999,-33345.42188031001,9804309196784.0,-271435220044.0
84.99606196892952,1088.4252271160335,81.20923155473069,-0.007340768937361358,-0.008222359924904166,-0.005742699478536445,-0.0008815909875428045,0.0015980694588248836,-0.002479660446367709,0.7847807271650654,-0.11238860093752892,-0.2743396124282037,-0.007589277992317829,-0.00570531892501089,-0.0038898427560441354,0.07686758390700005,3.334924955144001,0.10837093488119996,3870495.6753182923,357957518.7837731,124690742.12772453,0.5116880647423598,-1.5723886969136496,0.41872787085999996,132364.7543815152,24363965.675991006,62959274.4847,8.642601821930004,3.4701581017740013,4.6689035422259995,-32681.849284479707,9015030429106.08,-509474564402.27997
84.52690886233319,1081.2581351127415,80.45287153757225,-0.005305925728236834,-0.00654053601239993,-0.009457547675253865,-0.0012346102841631053,-0.004151621947017061,0.0029170116628539347,0.7847807271650654,-0.11238860093752892,-0.2743396124282037,-0.007340768937361358,-0.008222359924904166,-0.005742699478536445,0.06620091141609005,3.4204331820392815,0.10748852134384396,3881461.662632766,359049186.57854563,124782374.94862986,0.47209070554301297,-1.643401470123025,0.44090309830819996,132549.49365527634,24523792.533733178,62916798.557389006,8.630112841909105,3.4153001721373815,4.63027702214262,-32353.938469698045,8268652795322.7705,-728398267392.6636
84.54332280052651,1080.4723082563964,79.62534941900248,0.0001762078595118181,-0.0007215625746310511,-0.010384640788398111,-0.0008977704341428927,-0.01056084864790996,0.00966307821376705,0.7847807271650654,-0.11238860093752892,-0.2743396124282037,-0.005305925728236834,-0.00654053601239993,-0.009457547675253865,0.05501487883178836,3.4922775907838557,0.10576969351990824,3892244.8013368095,360158935.9964845,124905641.48898575,0.4144443610973104,-1.7376279219077722,0.437633710062334,132731.49419200307,24675133.929689135,62876066.16608743,8.62996937463302,3.362469030300302,4.590605843403299,-32235.01058230361,7583277511058.107,-923550182062.2289
84.82853966088469,1085.698394837994,78.78842902971961,0.003178658002278776,0.004602559223551362,-0.010520655963978534,0.0014239012212725465,-0.01369931396625735,0.015123215187529874,0.7847807271650654,-0.11238860093752892,-0.2743396124282037,0.0001762078595118181,-0.0007215625746310511,-0.010384640788398111,0.044397003140963176,3.548369230930456,0.10357965767276885,3908863.7061303444,362258295.392735,125070291.13063648,0.3081303202632589,-1.7853868908568113,0.4345622493391846,132910.83984929704,24812123.268158827,62851124.928933404,8.614941172845556,3.3043759317379213,4.551184607235812,-32729.39516617951,7024506039888.168,-1156426669802.9707
85.34383564538051,1089.486220916292,78.07966980847345,0.0057410498899656374,0.0033859775292986536,-0.008882116854921674,-0.002355072360667025,-0.01462316674488736,0.012268094384220295,0.7847807271650654,-0.11238860093752892,-0.2743396124282037,0.003178658002278776,0.004602559223551362,-0.010520655963978534,0.03690900492499162,3.592200630134483,0.10041123568016033,3925371.7532606157,364410992.9875784,125254468.57420304,0.21286177390471464,-1.7434653561852425,0.3307610672081746,133079.32574538272,24933759.074736785,62831143.96762677,8.58096755605147,3.249959865079641,4.513170956468,-33811.35943668244,6557102344638.578,-1366289178675.5496
86.10752496206534,1096.1481777592712,77.46307441509771,0.00848767983614066,0.005939181506953022,-0.007720145629842143,-0.0025484983291876795,-0.016207825465982838,0.013659327136795112,0.7847807271650654,-0.11238860093752892,-0.2743396124282037,0.0057410498899656374,0.0033859775292986536,-0.008882116854921674,0.03016253638286747,3.6216828705140727,0.09698731881640785,3941284.7870800416,366547114.03331006,125450695.71618687,0.09710322896488344,-1.6133990142952728,0.2874171712740204,133245.02327949836,25037927.62841484,62816226.683422,8.53796227425525,3.200485609134799,4.477564542082928,-35456.276497034596,6185951758574.79,-1549143231300.6038
86.90507859821973,1103.4749935851746,76.80556532860659,0.00888860216085152,0.006549262112975988,-0.008280214078112186,-0.002339340047875572,-0.017168816238963734,0.014829476191088115,0.7847807271650654,-0.11238860093752892,-0.2743396124282037,0.00848767983614066,0.005939181506953022,-0.007720145629842143,0.026585838603469716,3.6373664007402815,0.0935961740745384,3963547.662905123,368958495.5534693,125881792.27248669,0.07187744165008884,-1.4341253361654422,0.26578514979506096,133429.8503618175,25053821.497872647,62785081.32713505,8.472118652410995,3.1656142105103977,4.449521832873876,-37442.0935564405,5751287308360.138,-1722750421724.1345
87.54595951281208,1108.4153780209322,76.4027701909064,0.007177631302300933,0.004463308181562564,-0.0050330082922835605,-0.0027143231207383944,-0.012210639594584502,0.00949631647384606,0.7881469181761723,-0.13324758796344152,-0.2859318963651708,0.00888860216085152,0.006549262112975988,-0.008280214078112186,0.02756923544390765,3.6388605859216607,0.09078625858461972,3985193.8602605425,371272760.05500853,126334483.40498193,0.060256909817271075,-1.2203992657636316,0.24434277597014567,133624.83922505015,25043198.335448492,62756598.066662736,8.407695833178837,3.1382615254331245,4.425797739599513,-38654.8661032126,5396558913916.1455,-1867022320453.5884
88.26677955056083,1113.6412626724862,76.62549050824903,0.00807239926073678,0.00472995817497078,0.0027577288898393195,-0.0033424410857660204,-0.005314670370897476,0.001972229285131409,0.7965597524767646,-0.1390222618210391,-0.2813026317500755,0.007177631302300933,0.004463308181562564,-0.0050330082922835605,0.03452721553698457,3.6285395350072522,0.08795374688615433,4005635.661072604,373430191.3047436,126793028.92207818,0.10269572387321692,-1.025661824429093,0.26271435624861755,133828.02402520805,25009028.539203297,62731365.190237775,8.333484420874527,3.1184962631005853,4.406672123464601,-40776.08541221111,5124414821499.068,-1980564299696.489
89.02242219801788,1119.9668209787103,76.87733288860991,0.00846169897836647,0.005710773979456381,0.0031588321025311557,-0.002750924998910118,-0.005302866875835325,0.002551941876925176,0.7999712639796386,-0.12901972482332374,-0.2633585768829813,0.00807239926073678,0.00472995817497078,0.0027577288898393195,0.04495358115464425,3.607894403134067,0.08411587395095083,4028875.3259712807,375457994.6903629,127009282.01980247,0.10113278480737167,-0.8237422724951353,0.2343673478117837,134018.4996245939,25094710.966406524,62705047.545748174,8.262689617174411,3.0931526391082826,4.379258905239242,-42576.46022794343,5021798393678.728,-2147451962024.2048
89.97433191478868,1128.5609188249507,77.01173604427645,0.010601434510923696,0.007694374341200062,0.001717046756223804,-0.002907060169723648,-0.00888438775469991,0.005977327584976225,0.8031935397751443,-0.13345070623594793,-0.25541763907267023,0.00846169897836647,0.005710773979456381,0.0031588321025311557,0.059788702775898636,3.5798769523541782,0.08155831209073917,4050478.1286009517,377249648.8967093,127180834.34716025,0.05123315610388981,-0.5930524075797194,0.15282401978427973,134198.16267530338,25177982.921897236,62682210.139335096,8.197093605329076,3.073548798341962,4.355209241679241,-44099.083755264226,5007883456830.059,-2292414209258.423
91.08705770243876,1138.5280793218183,77.16258251714802,0.012315680810558277,0.008873468482552,0.0019246964596072182,-0.0034422123280062862,-0.010390984350951078,0.006948772022944756,0.8048218441675941,-0.14120574645610573,-0.24993543629530102,0.010601434510923696,0.007694374341200062,0.001717046756223804,0.07614665115175062,3.5450649380816532,0.0782897570538265,4069959.6711096275,378775019.21551985,127307009.41136746,-0.0025415044123605623,-0.4039609569284536,0.039850303965997744,134362.1745406828,25256587.294181954,62663190.06938326,8.138144386508403,3.0596988777020138,4.334908267224865,-45218.20241719501,5074217309961.3545,-2413294715491.4663
92.11061518025066,1145.4284813893448,77.319114010218,0.01134041630749246,0.006205013891480887,0.0019935758928759863,-0.0051354024160115775,-0.0093468404146165,0.0042114379986048795,0.8049308406219751,-0.1562638568370658,-0.25343412174992197,0.012315680810558277,0.008873468482552,0.0019246964596072182,0.0933844051554649,3.4817821770939315,0.07631936480899032,4090601.4782341463,380251715.92598367,127313741.43681292,-0.05739245374461508,-0.23685682263446067,-0.05202154938943596,134518.12998330384,25322348.51041274,62659443.30434512,8.086945757974544,3.0471139827949996,4.296919142199179,-46087.54314041687,5312706098480.68,-2492541519636.462
92.95655745487386,1150.0596888084385,77.46854067297443,0.009401775644015965,0.00420230403241816,0.001898508011372699,-0.005199471611597794,-0.007503267632643303,0.002303796021045459,0.8064516232437078,-0.16869710825936066,-0.2524320625416469,0.01134041630749246,0.006205013891480887,0.0019935758928759863,0.1069968516041438,3.402374226892164,0.07503643084436802,4108857.6192991887,381458195.4876216,127270325.26660945,-0.016391534531305686,0.003370602909166742,-0.09014557092764322,134671.18598216362,25379412.049708072,62660887.91668045,8.031258619554833,3.0393751578948374,4.260820355410086,-46970.62349710403,5620578865193.653,-2544504987777.8643
93.50380477838853,1152.7783848213699,77.574301299666,0.006125820206932202,0.002503514692696131,0.0013357521881466243,-0.0036223055142360697,-0.004790068018785628,0.0011677625045494991,0.7899377560523835,-0.16622341524234688,-0.24715053974981893,0.009401775644015965,0.00420230403241816,0.001898508011372699,0.12123814785983049,3.3175358449038086,0.07408069735087693,4124418.976678751,382385285.22846717,127183078.20542803,0.023357038796611936,0.2662031678111564,-0.11875282318420047,134822.21080167254,25426935.773582626,62666961.430281825,7.94420243639045,3.0362299607478467,4.227505836637601,-46996.49711320936,5981661029279.52,-2570354549471.7905
93.89155122620006,1152.0647596883666,77.79140177349845,0.004361058687404955,-0.0005676538009634475,0.00274812735027083,-0.004928712488368398,-0.001612931337134161,-0.0033157811512342936,0.7724674145586996,-0.16196205595824306,-0.24912275196627406,0.006125820206932202,0.002503514692696131,0.0013357521881466243,0.1372181700541536,3.206655225767174,0.07354811628620865,4140366.723019995,383583739.43837416,127048253.00420193,0.008753043627839439,0.3989263811886124,-0.15093676551957597,134968.60681518036,25437543.15186225,62680918.749614604,7.861525798450792,3.0329713844931194,4.189038594643236,-47121.19845430788,6640227146078.413,-2561453958512.17
94.23987949244443,1147.5451542780127,78.25914651074268,0.00391314064679254,-0.004014742118527981,0.005885030074947978,-0.007927882765320528,0.0019718894281553915,-0.009899772193475983,0.7558461562435922,-0.1504057252417737,-0.25826739964543904,0.004361058687404955,-0.0005676538009634475,0.00274812735027083,0.1522836449274198,3.0881630117711873,0.07354234983942091,4153661.8370365147,384566908.0441392,126882919.73297237,-0.062357143332891,0.47893348179266443,-0.22737421065582664,135111.755022882,25435303.59775804,62698552.77452567,7.772271050351576,3.0330485243290717,4.153747919009011,-47566.2537076673,7346442636815.065,-2529600747893.1465
94.39312054729106,1140.305254780354,79.11825349034021,0.0017561413535721261,-0.00649490818405545,0.010655936446506437,-0.008251049537627585,0.008899795092934268,-0.017150844630561924,0.7357371579132673,-0.1443832023328401,-0.27438187139060743,0.00391314064679254,-0.004014742118527981,0.005885030074947978,0.16607406296553676,2.971375128821664,0.07339088954212933,4164170.7285402874,385326824.54800355,126695089.1968766,-0.11211459729756165,0.5952578678825313,-0.24934668495877743,135264.355759127,25421568.99113151,62718966.81370986,7.715773645551734,3.0361254944515563,4.122374873367938,-46730.03582446077,8074356099373.6,-2478045775899.231
94.41851888023429,1130.3786875890507,80.75092438926778,0.00033584700751273177,-0.0089676378644982,0.01964523146011698,-0.009303484872010924,0.01930938445260421,-0.028612869324615212,0.7177298548706001,-0.1385234604838946,-0.28971098648935195,0.0017561413535721261,-0.00649490818405545,0.010655936446506437,0.17570321731087596,2.860924780302443,0.07364284858830304,4179259.278037474,386503721.6650413,126690392.28848411,-0.08816186794683839,0.7422590793269355,-0.2486415112826698,135419.7757489737,25315709.675433688,62765537.54456434,7.6834527718653245,3.0418100027282464,4.0997978860899345,-46159.68865484106,8779004332695.073,-2514330177827.7305
94.42788881347617,1122.266816489206,82.99339491092456,0.0001420864201552831,-0.007262156466973388,0.026394455255015527,-0.007404242887128662,0.026252368834860214,-0.03365661172198894,0.693236786259146,-0.11995547444270328,-0.2737176968746701,0.00033584700751273177,-0.0089676378644982,0.01964523146011698,0.18459835970235497,2.7571917232260708,0.0737603262722103,4192322.613243818,387527744.4204241,126698544.05227634,0.012940444507217697,0.8357613972470911,-0.27654760963569286,135592.21046736656,25193337.90104264,62815585.17599644,7.6248604023915965,3.04967076009542,4.082484660957033,-45578.60554253809,9457694412703.547,-2548562784228.548
94.46211108898959,1115.9161280046694,85.52770015858793,0.00038665153758538366,-0.005648207039551081,0.029525988392063992,-0.006034858577136454,0.029139336854478587,-0.03517419543161508,0.6717658991625686,-0.10621144043888815,-0.2581373764243216,0.0001420864201552831,-0.007262156466973388,0.026394455255015527,0.19026603706361545,2.662316220160554,0.07405324639956051,4203171.355532212,388383459.56765586,126718015.06812106,0.055639312380651645,0.8493986414578184,-0.2473666698643428,135764.70539989913,25059776.067059416,62867260.58900543,7.548381457793493,3.0592543189230135,4.070428218508711,-44048.692575189285,10092661452330.066,-2579921796462.4272
94.38394180428197,1112.3409245284465,88.4648367717273,-0.0008573481572825153,-0.003149404192682553,0.03366465999811588,-0.002292056035400027,0.034522008155398395,-0.03681406419079843,0.6373880986139359,-0.09455561884739874,-0.22248605941109184,0.00038665153758538366,-0.005648207039551081,0.029525988392063992,0.19515896557684137,2.5805587807967716,0.07319527712218889,4214317.6869258005,389740678.41313475,126902761.03033768,0.052729114095322646,0.8273862020037386,-0.19468282397419748,135941.59967718145,25066647.03446273,62937483.64304337,7.491098963921395,3.057100892300157,4.04179357374996,-42922.22012731968,11073779644424.033,-2629140623579.046
94.30606119391666,1107.9571136639927,91.82502462040094,-0.000877212410628621,-0.0038710289777645806,0.03777923815810826,-0.0029938165671359617,0.038656450568736865,-0.041650267135872845,0.5858328305497761,-0.042245552097190525,-0.16216440776207858,-0.0008573481572825153,-0.003149404192682553,0.03366465999811588,0.1930078322714395,2.4860603219454647,0.07232724645888877,4223385.008572256,390986494.0216717,127110964.5654225,0.08206806221566687,0.7966334204349546,-0.15842687795384075,136127.60653642012,25087011.394091833,63007959.882386215,7.429811750518866,3.0544487815705814,4.015767586254585,-42193.15832041744,12025807327975.883,-2676505319276.6313
94.28075480877038,1107.2832704760642,94.63928738989517,-0.00033429718453964843,-0.0005635275796376989,0.0320296784009339,-0.00022923039509806708,0.032363975585473534,-0.0325932059805716,0.5357100783866345,0.0044266467078193615,-0.13321721618188928,-0.000877212410628621,-0.0038710289777645806,0.03777923815810826,0.1859815773284346,2.395129899320925,0.07147620146815199,4230309.201796899,392094672.24870485,127334033.81003617,0.1194110736575067,0.7292359144100002,-0.1310437201969045,136317.9545136423,25118908.875935268,63076549.70132319,7.376758905941023,3.051427418466846,3.9928701699211095,-40576.487944592904,12923092723333.27,-2720780355826.159
94.30460841787561,1106.4772134926468,97.56740257134314,0.0001701075245542125,-0.0006723591922137767,0.032867497385859125,-0.0008424667167680081,0.032697389861304896,-0.033539856578072895,0.4779585562467484,0.04804747016321291,-0.12029830533670748,-0.00033429718453964843,-0.0005635275796376989,0.0320296784009339,0.17677850055987715,2.314838621979212,0.07066597493244435,4242414.25464517,393708627.4855735,127750580.61588737,0.13055945174543732,0.6867690815552414,-0.07646756660975472,136502.65905773296,25172259.443316303,63150051.14732676,7.306708578642735,3.0611643691194788,3.960475390123349,-39187.86996801304,13750317097454.92,-2738361158045.9497
94.29263541353404,1105.0418458027918,100.02373152550602,-0.00022853967022645419,-0.0012322094058848684,0.027705950151593373,-0.0010036697356584218,0.02793448982181983,-0.028938159557478232,0.41788467940922674,0.0829303504649672,-0.10741601443953838,0.0001701075245542125,-0.0006723591922137767,0.032867497385859125,0.16459237645137914,2.2501313137122936,0.06991679180233414,4253190.159569259,395219443.37418807,128185075.82267685,0.14837520847221178,0.6525188595393013,-0.006055001383027281,136698.6933756826,25234063.270659745,63219101.01431017,7.230462026714992,3.072091693633264,3.9305048266016636,-37887.08769005076,14484957821240.758,-2748763025302.383
94.23276864722061,1100.2562595078384,102.35297119418743,-0.0007518761322994126,-0.004280699492370289,0.025990680230203504,-0.0035288233600708836,0.026742556362502935,-0.030271379722573794,0.37389735391678436,0.08521736027460491,-0.09602981226496121,-0.00022853967022645419,-0.0012322094058848684,0.027705950151593373,0.1510870934601896,2.199390796860698,0.06924502323116492,4262446.554213861,396592109.3727156,128622689.73410706,0.16304713327214243,0.5919410939387761,0.06649795736251822,136896.2934605668,25301620.917149052,63282072.96416594,7.1609262691785736,3.083762534886673,3.9036151746340972,-37107.281009183185,15114234038010.79,-2752391795074.101
94.02975449812192,1092.8905440571452,104.16759458527507,-0.0022972613093164796,-0.006687816360268677,0.020315321012010105,-0.004390555050952203,0.022612582321326607,-0.02700313737227878,0.34191284072863026,0.10726550188785443,-0.07584992319141329,-0.0007518761322994126,-0.004280699492370289,0.025990680230203504,0.13809972596431327,2.162742607788441,0.06866308082017769,4277798.586767588,398287410.4902089,129041931.81237105,0.12625545159391577,0.46058987208014013,0.11280068151263362,137100.47473314556,25369981.171474956,63382318.53011115,7.099516299320441,3.0957524159681404,3.8716470326242645,-36017.586566126876,15561880211963.494,-2894123844016.4243
93.91480012898944,1084.961283829807,105.8660682755957,-0.0013514792568750757,-0.007231492889675167,0.01866495729157896,-0.00588001363280011,0.020016436548454048,-0.02589645018125413,0.3269218783090703,0.1248844665781618,-0.05612078351622077,-0.0022972613093164796,-0.006687816360268677,0.020315321012010105,0.1236681034390952,2.1398769593897566,0.06817944022568385,4292221.602462914,399846724.18124664,129438254.4784375,0.08855927453569429,0.3565570762449636,0.14108911280235847,137318.20363647208,25438819.965224024,63478769.983558506,7.008261837468509,3.1076697364624177,3.842727293836687,-34745.62397039239,15884878962162.023,-3044890782744.0225
93.81594719290052,1076.3612111103082,107.6833844726164,-0.0011776083171298449,-0.007884509830921427,0.019265455521525587,-0.006706901513791615,0.02044306383865545,-0.027149965352447035,0.3183571750244858,0.1480047959510898,-0.03714437395209944,-0.0013514792568750757,-0.007231492889675167,0.01866495729157896,0.11066960006322607,2.130101567049248,0.06779878048386889,4305375.812514819,401236869.77774316,129802059.99354419,0.07127793694722412,0.2699428477059558,0.1753160275790401,137521.5035403718,25506024.280641463,63568913.19215437,6.896884966677714,3.119164232813395,3.817418710112767,-33532.868915119594,16086005068475.84,-3199266114116.54
93.83952513463348,1069.0808093294502,109.25885962575653,0.00012997055345580346,-0.006665074983866163,0.016317713739491944,-0.0067950455373220016,0.016187743186036156,-0.022982788723358138,0.3173710749632227,0.17721486476860002,-0.009467328318142669,-0.0011776083171298449,-0.007884509830921427,0.019265455521525587,0.09575085902304709,2.1324006669313125,0.06752222330171935,4317179.33218609,403211252.72125775,130303064.40733388,0.10280639500918426,0.2416137565896701,0.1648607700506824,137724.4583476704,25517212.336097915,63640707.58412602,6.777739233965668,3.1602753525448724,3.7701194234578557,-32938.09329792048,15801636112103.998,-3492331568928.31
93.90300752815415,1063.2500234467946,110.28581591780996,0.0005612396960147786,-0.0053321204946208,0.010426075355944683,-0.005893360190635627,0.009864835659929919,-0.015758195850565516,0.3165696423438433,0.19532638064673508,-0.011456719342733629,0.00012997055345580346,-0.006665074983866163,0.016317713739491944,0.0815514663161946,2.144197836817231,0.0686476551387332,4327270.154924651,405053607.78878313,130776072.69752459,0.13897181541467285,0.18980016188732288,0.17050521517363995,137921.84392380904,25518057.11592578,63701501.20937672,6.678175897505856,3.203468099726856,3.7244474827647003,-32886.82244350367,15373295668006.22,-3793677071191.0537
93.95579545647813,1058.1905154490005,110.98131599312374,0.000459726790040302,-0.004635543445873448,0.00668520229923788,-0.0050952702359138,0.006225475509197602,-0.011320745745111375,0.31064139951360825,0.2067487211123163,-0.02587717208096679,0.0005612396960147786,-0.0053321204946208,0.010426075355944683,0.06972546889054151,2.1638893546100415,0.06870111413788364,4335516.825741616,406721867.11589247,131209694.22777049,0.2140915393171724,0.1347369217985907,0.20947005932909254,138128.6856246195,25509567.60429309,63750570.33582106,6.589223617766849,3.2472385291988357,3.6816103116579195,-33424.37400122343,14828231098278.035,-4093434251091.791
93.95997872827536,1050.5937427875158,111.38387181611243,-4.308335973267013e-05,-0.0070687872252473034,0.0033737541489679487,-0.00702570386551468,0.0034168375087006452,-0.010442541374215299,0.34320429121481544,0.22770925366277456,-0.06574096089493654,0.000459726790040302,-0.004635543445873448,0.00668520229923788,0.06069030714073749,2.1923950399852696,0.06748819381298254,4352281.384704637,408509718.49681413,131694448.7781587,0.25373754464990683,0.07115189806477401,0.48125431728912715,138351.09258661038,25607571.115694877,63813182.43954633,6.447489857468738,3.311873759847652,3.6382675483120788,-34296.98918313451,14508111252574.328,-4165617745469.7007
93.92248431104461,1041.0325351085542,111.3809749523189,-0.00047289965084782695,-0.009013683080415337,-0.0009767184953045787,-0.008540783429567557,-0.0005038188444567264,-0.00803696458511079,0.3884898998502198,0.24182494920470515,-0.10498719490776016,-4.308335973267013e-05,-0.0070687872252473034,0.0033737541489679487,0.053437952351691735,2.2269783056234167,0.06747191970618208,4368189.856230217,410100547.18473923,132134072.9101633,0.29424582310987063,0.026695819762395795,0.5534225199344845,138577.58607480384,25710294.24248564,63866437.85971269,6.325504777476376,3.376688254636158,3.59911003485146,-34824.68317136045,14158780253863.762,-4197859018045.7285
93.9016268062056,1031.214272144232,111.12474805633514,-0.0002802823678441652,-0.00931937145357719,-0.003770849488841225,-0.00903908908573308,-0.003490567120997049,-0.0055485219647360045,0.4348360337393222,0.29379416794921687,-0.10046375136000625,-0.00047289965084782695,-0.009013683080415337,-0.0009767184953045787,0.04930769447099981,2.2646938955290463,0.0675331154188762,4382850.5949163325,411466330.5883296,132519890.94166255,0.31115189903054197,-0.047231525302616484,0.5487712267172716,138823.27263193383,25814183.32932275,63909674.602071024,6.1889530621589595,3.439719652306729,3.5648939716913595,-35353.717265622974,13793639147408.34,-4193185052822.7817
93.8515732476643,1022.096307312015,110.71656330825971,-0.0005764477862880946,-0.00869144978635331,-0.005506284305882153,-0.008115002000065269,-0.004929836519594052,-0.0031851654804711787,0.47952188809796586,0.3362518099585019,-0.09273120002950153,-0.0002802823678441652,-0.00931937145357719,-0.003770849488841225,0.045811231544247086,2.306397109578242,0.06766219809773463,4405234.451886346,412845505.7339111,132874646.941762,0.29334281038822985,-0.08049719010204903,0.5381219260202618,139074.28235439278,25933419.907596473,63949530.33213139,6.076387926508516,3.49925532064104,3.527493695696528,-35941.28643249056,13159106677176.209,-4116641572537.446
93.92609184754723,1014.5310497436593,110.13412871274402,0.0007625022904478248,-0.007231208119283592,-0.00738957907552484,-0.007993710409731455,-0.00815208136597265,0.00015837095624123,0.5306169759417562,0.3680035461024765,-0.08588535402229325,-0.0005764477862880946,-0.00869144978635331,-0.005506284305882153,0.043990077963842224,2.3299380889351706,0.06784850656577518,4426754.599602767,413997738.1929171,133168544.43359865,0.2506913462985021,-0.09993737271847686,0.5383938976123451,139325.63263397408,26049496.130814925,63979814.47922178,5.965787666627861,3.553858762522689,3.4950096364302845,-36299.91008969668,12505862953652.004,-4007547233104.5205
94.21301283201545,1009.0715864398294,109.95194679039759,0.0030062338602541722,-0.0052357873261966986,-0.003731611146655365,-0.008242021186450892,-0.006737845006909538,-0.0015041761795413348,0.5884545129609037,0.42927839592382444,-0.03815854141186725,0.0007625022904478248,-0.007231208119283592,-0.00738957907552484,0.04373133740256258,2.3371268276883512,0.0680807289900384,4446851.804559464,414911155.26023495,133398852.34324367,0.23128328822879204,-0.1403004158917076,0.5284868551168498,139588.36890657802,26159245.747787084,64000575.677226484,5.844273802736436,3.6023850973404925,3.467924693997756,-37257.53407849128,11855376413870.662,-3872429950621.752
94.69990933307638,1008.3983218731877,109.81298087457387,0.0050915476245539035,-0.0006900489220480017,-0.003420280454208227,-0.005781596546601917,-0.008511828078762123,0.0027302315321602304,0.644486759784865,0.4718074569392635,-0.008051150558354685,0.0030062338602541722,-0.0052357873261966986,-0.003731611146655365,0.04488653077533403,2.3182828877355632,0.06704730730217416,4468570.608883706,416288824.96301395,133720068.14162688,0.1666915373191892,-0.20517614227086403,0.4447159112173984,139854.49048472423,26238750.030628417,64025143.38511392,5.710583111152061,3.6483282457563013,3.433511504988548,-38173.17964605167,12272998535651.332,-3632184797868.6074
95.43806990403893,1013.8754341070145,110.69497465009529,0.007668849752831679,0.005039109991893363,0.005656898987611433,-0.002629739760938333,-0.0020119507652202537,-0.0006177889957180455,0.7100088473948458,0.5289544381968481,0.0745918894516211,0.0050915476245539035,-0.0006900489220480017,-0.003420280454208227,0.04727960888756831,2.283174855145987,0.06590580856403112,4488401.008509013,417499461.94662464,133994197.06592296,0.05849121538097099,-0.2534700117439789,0.33398058437137024,140130.3651905141,26305001.384266764,64042399.92065919,5.60294399539156,3.6872282319578398,3.403535289730604,-38920.40526747449,12834687789184.396,-3370501716454.719
96.51553532078404,1022.4414720942481,112.05733969656171,0.01107376805227674,0.00790402108460779,0.009807569916015396,-0.003169746967668947,-0.001266198136261369,-0.0019035488314075603,0.7608854670737879,0.5897928402766,0.17322815536008168,0.007668849752831679,0.005039109991893363,0.005656898987611433,0.05461499092195212,2.243782380160989,0.06600128544278146,4505936.931916519,418523450.37347555,134217723.93581174,-0.060363810824854536,-0.27040839391746285,0.27729937267880383,140413.06147000953,26357337.561013274,64052558.70503016,5.485980471345362,3.718622372580489,3.378451637306537,-40013.43616873079,13509186783688.623,-3097374991688.5786
97.93426913623114,1030.596462119931,113.37049600148467,0.014418286431032334,0.007572027090826568,0.009516528738753267,-0.006846259340205758,-0.0049017576922790965,-0.0019445016479266346,0.7746200275981892,0.6232860153039183,0.27984334388643295,0.01107376805227674,0.00790402108460779,0.009807569916015396,0.061878385025238986,2.2007156812696604,0.06620717607037331,4525803.874025779,421102201.4464371,134804063.9006373,-0.17000042008535188,-0.18849268605607458,0.18196730097512992,140692.53627745513,26328096.993254736,64062524.749813125,5.3971338855634245,3.7379774279634588,3.36285280100568,-40565.410894799534,15601545975231.77,-2685739899648.3945
99.5689364960466,1040.9240592794476,114.73367734487078,0.01648981666499546,0.009590854321780352,0.010095373645186421,-0.0068989623432150924,-0.00639444301980907,-0.0005045193234059997,0.7830302203809021,0.6421674500677549,0.39282007419487247,0.014418286431032334,0.007572027090826568,0.009516528738753267,0.06985908816743998,2.1556341818293756,0.06780626235309478,4543386.47470334,423654056.3687094,135380067.95196116,-0.16005435581723892,-0.1845697683991429,0.08470941741256949,140973.99751583254,26278224.57247441,64067018.34762341,5.300257941792777,3.749256654969228,3.352928264304739,-40366.11582141743,17879080568363.65,-2266721629822.7773
101.49363002499912,1053.7852749446292,116.31248326957218,0.019198636599237616,0.011914093654647623,0.01208185654152022,-0.007284542944589961,-0.007116780057717416,-0.0001677628868725252,0.787809561859959,0.6482322221121064,0.5026190196047612,0.01648981666499546,0.009590854321780352,0.010095373645186421,0.07824594835039768,2.0879918068782377,0.06831125213695127,4558385.690072044,426105149.1076932,135929489.55959383,-0.11235526730142012,-0.1683470494559301,0.05363603968388804,141235.38270489723,26211279.656597883,64066451.93522395,5.206061854145412,3.752929259625344,3.3484083333447496,-41920.626780731,20254946985131.426,-1853629048085.0386
103.2703743003064,1064.015610794954,117.74679037771627,0.017762196330067884,0.009541518954667419,0.011073645433216945,-0.008220677375400429,-0.00668855089685097,-0.0015321264785494557,0.7872839865379497,0.6526532379051275,0.6134237545408504,0.019198636599237616,0.011914093654647623,0.01208185654152022,0.08804674406454768,2.0073739152158665,0.06751640537831358,4577638.163201717,428870059.09954786,136542029.81967542,-0.09914642961814057,-0.14565519092336068,0.05906091853755809,141496.74789390856,26234778.942611076,64061782.70600773,5.12710351963842,3.771316726027088,3.331559145480417,-42367.54784069129,22120323150668.49,-1408818813078.5225
104.83894791907376,1074.3015447363973,119.23993421771445,0.015722690076477433,0.009603757930593771,0.011765639104752822,-0.006118932145883623,-0.003957050971724631,-0.0021618811741589833,0.7648666906192239,0.6397369803042996,0.7138017595056719,0.017762196330067884,0.009541518954667419,0.011073645433216945,0.09782605788534625,1.9277965952632563,0.06787555113419023,4594734.62412237,431466737.31923056,137113365.6591586,-0.03835308281464475,-0.08751986251634739,0.0381714819497344,141767.41412720148,26259126.031744614,64053227.01853289,5.090227912992974,3.785725944007845,3.3174491020381045,-42520.410359434805,23876229805131.79,-986840497180.3022
106.36811573839218,1086.7888389416046,121.02518355218139,0.015258006017993502,0.011601927347325057,0.01434256271640164,-0.0036560786706684185,-0.0009154433015918914,-0.0027406353690765206,0.7274744149805782,0.6151027848822075,0.803332324757806,0.015722690076477433,0.009603757930593771,0.011765639104752822,0.10859265858750457,1.8284431094480096,0.06826251578045353,4609377.780227288,433834106.5973681,137630477.4449187,0.01208052179294082,-0.057982471074544996,-0.02777415543779896,142026.36131334904,26283505.731012464,64041430.189249545,5.033333029622285,3.796122461870291,3.3062275898788807,-43047.424315520926,25480936699994.805,-598070257956.4951
107.99149130362699,1102.8223385580432,122.64774032563619,0.016011172520601243,0.014728578825694942,0.013193023800310451,-0.0012825936949062767,-0.002818148720290823,0.0015355550253845615,0.6853819414396929,0.5736075058585777,0.8596186994590537,0.015258006017993502,0.011601927347325057,0.01434256271640164,0.11892481946182193,1.719571678930847,0.06866290848867689,4625333.532314895,436662047.7497709,138140955.2287552,0.022949350285979612,-0.008233344644686495,-0.09229200442344501,142286.5529414814,26323194.188423153,64044836.03721706,4.977127643699995,3.7939246540903837,3.297942401239213,-43232.01414653281,26821343904371.676,-296437494916.3739
109.69740857322951,1123.1288180560964,124.12467111697642,0.016603094636908705,0.018367164283278718,0.012163237100995724,0.001764069646370025,-0.0044398575359130155,0.006203927182283055,0.640946985612731,0.5216561427003256,0.8849579679313626,0.016011172520601243,0.014728578825694942,0.013193023800310451,0.1298560196648529,1.6157002410974757,0.0703633746714176,4638945.898224294,439251995.3544402,138585778.07734543,0.012964815421135135,0.03695486948152675,-0.11458930837782311,142529.27881855608,26363153.874440078,64048156.1192713,4.920228967058935,3.7871278874657555,3.2925484594263357,-43813.83457004752,27945268171179.707,-47210443332.77356
111.35480085867488,1143.8195850626614,125.04383774567334,0.01596791975842031,0.018623159217498186,0.007730723039395806,0.0026552394590778888,-0.008237196719024533,0.010892436178102436,0.5968540545085314,0.46635425725510327,0.9013787000590913,0.016603094636908705,0.018367164283278718,0.012163237100995724,0.1399984192576352,1.517144939814517,0.07088289299574171,4650040.845596026,441550050.3380094,138958166.79875624,-0.0024912104198589464,0.028803616110672864,-0.12821920268542872,142755.1037433666,26402158.87562211,64051299.40954199,4.861413289070213,3.7763959608796176,3.2899184580119556,-44015.887914109335,28840640066171.547,147374656392.44992
112.70814788981546,1158.9140878166902,125.69932020313037,0.013009015933712786,0.01373890268719391,0.005690152423417515,0.0007298867534811333,-0.00731886351029531,0.008048750263776456,0.5722295501336387,0.4139787396106841,0.9040932789393717,0.01596791975842031,0.018623159217498186,0.007730723039395806,0.14652662631341024,1.4273308204654185,0.07262397269776118,4659626.381862702,443930497.3130814,139253110.89406332,-0.006606897364157852,0.046543379593584185,-0.14663953148171088,142983.4630633951,26425801.71041727,64073689.28849934,4.812636780208256,3.749444348125705,3.276854902998655,-44026.64928634169,29842752369679.06,416080986453.37756
114.07446378114754,1172.6698176608154,126.44136668474778,0.01291226148200733,0.01249552619981372,0.006516993083182716,-0.00041673528219358876,-0.006395268398824646,0.005978533116631056,0.5476036644108008,0.3589502883750063,0.8673516683788461,0.013009015933712786,0.01373890268719391,0.005690152423417515,0.15160621387420545,1.3493781884372675,0.07441222524864584,4666728.102046831,445995193.6712538,139470339.00301775,-0.03305580869310214,0.03647786534039684,-0.21081864145391352,143206.62255951887,26445165.3104204,64097729.400905974,4.787358818826247,3.7187035662034127,3.264793056396725,-43886.86504276055,30649868671745.445,644099433914.6111
115.37489516991198,1187.0640799907035,126.91279339766103,0.01209127354319242,0.012939658201892726,0.0043807378023519175,0.000848384658700326,-0.007710535740840544,0.008558920399540865,0.5266188557300928,0.28706161001299724,0.811131261313793,0.01291226148200733,0.01249552619981372,0.006516993083182716,0.17082965626269495,1.2821394739588134,0.07488928578698267,4671381.336151141,447713773.5834713,139611105.8809862,-0.07917915462835892,0.08422256655231633,-0.22225528118527849,143430.4774292447,26460096.691110607,64122533.520044774,4.7609878890176525,3.685474755487247,3.253994602763086,-43729.743272254724,31257275083452.832,828658233612.283
116.7859385647026,1203.4000936878817,126.71708808035312,0.012807078962208946,0.014430349443253505,-0.0010910353301700252,0.0016232704810445625,-0.013898114292379022,0.015521384773423588,0.5386288088124923,0.19822599798888046,0.7097003149335366,0.01209127354319242,0.012939658201892726,0.0043807378023519175,0.20320586472445468,1.2288604467094406,0.07517196169787635,4676642.205760486,450380887.2969629,139902473.64472827,-0.06265579133123926,0.11685812064647437,-0.2648805985079486,143638.63248912062,26390671.032998472,64172848.22166835,4.7184244155193875,3.6770035831780805,3.2403151564099186,-43381.86138063183,32101250601485.895,1045069636331.8191
117.8854804630731,1220.0890032047057,125.87094006936542,0.009839973754273973,0.014544814497105178,-0.006550015401719926,0.004704840742831203,-0.016389989155993948,0.021094829898825166,0.5460723345588597,0.132934266448463,0.5925805214318677,0.012807078962208946,0.014430349443253505,-0.0010910353301700252,0.24164827639830477,1.1887435087837217,0.07007121116674436,4680022.221236083,452812748.0201965,140148611.17275426,-0.05173609062389439,0.1813763757118224,-0.2522969661431132,143838.72306833533,26308883.8097076,64224946.00647952,4.695564556905368,3.6710684206044886,3.22779319999977,-43392.691836752274,32798565049671.07,1224807539689.447
118.45647575771434,1231.238651673706,124.52312195239551,0.0049589893501098175,0.009765386726320912,-0.01081823914954338,0.004806397376211089,-0.015777228499653257,0.02058362587586436,0.5684290204304646,0.07565297765264557,0.4785888875331808,0.009839973754273973,0.014544814497105178,-0.006550015401719926,0.2777969986128207,1.1616759593870631,0.05998839935372324,4681608.067527037,454959925.2305008,140346657.36279503,0.0073917227314328204,0.15758251399928097,-0.23040278803046796,144039.0028975785,26218424.794454586,64277085.632615186,4.694123747445589,3.6675937216701215,3.2166886432306434,-42554.1884921581,33342965101547.6,1366147156520.629
118.52956025016003,1234.6914757455954,122.56282749155075,0.0003309086393288702,0.003062811928228707,-0.01618210420199602,0.002731903288899827,-0.016513012841324934,0.01924491613022479,0.5983865108846758,0.04184190954612585,0.38501262475789155,0.0049589893501098175,0.009765386726320912,-0.01081823914954338,0.31409693864750043,1.1471648861484585,0.044734216741392545,4687569.072163085,457689516.9628597,140404570.96294785,0.07895800306928434,0.18180156303801523,-0.1877859440881732,144233.03465697,26227489.836893238,64345465.82715883,4.71500330650842,3.644779680979087,3.19853488284151,-41789.04982725861,33567656295190.05,1576196696973.0737
118.48600448585637,1238.303573137928,120.30324272804393,-0.0008324922565766007,0.0031148576732502376,-0.018811383258340156,0.003947349929826814,-0.017978891001763603,0.02192624093159045,0.6347945693480332,0.029568830171911795,0.2969405141587966,0.0003309086393288702,0.003062811928228707,-0.01618210420199602,0.3484439765192872,1.1443899736492607,0.025593425888053127,4692644.669170636,460166744.01309687,140404557.824197,0.14618691528127217,0.18702266028173561,-0.1507972062174627,144402.17220071328,26245381.579981226,64412744.127433345,4.706344810469715,3.621904653927784,3.1812414520060446,-41116.11353403131,33625371780612.555,1759084782471.0818
118.2809221634074,1239.4193535968893,117.46823330504647,-0.0023812187631544984,0.0008862134494182692,-0.02411589140739337,0.0032674322125727396,-0.021734672644238912,0.025002104856811688,0.6740327901130195,0.028993171444240406,0.20762405201405099,-0.0008324922565766007,0.0031148576732502376,-0.018811383258340156,0.3813029913083167,1.1249608531905049,0.006348911343406061,4696771.131402313,462342526.03791744,140352411.01459533,0.20453932881362305,0.17756396799263188,-0.13598342594729942,144571.3108240608,26270680.60136098,64477012.373857416,4.714361819720789,3.5996609899637773,3.165241120693944,-40797.2574641058,33531077664074.434,1912040915945.1565
118.01400940830109,1234.9226754020478,114.35973284319738,-0.0030149990979149504,-0.004026690129387626,-0.026725669254116062,-0.0010116910314727054,-0.023710670156201145,0.02269897912472849,0.7016078210993316,0.03333614294308525,0.11881100055382968,-0.0023812187631544984,0.0008862134494182692,-0.02411589140739337,0.41213701487919374,1.1056258191819095,-0.011251619087078477,4705800.037468752,464163352.07911843,140271538.55551594,0.19704632112833015,0.14123522589265955,-0.1345715209257335,144759.39626035176,26323623.202561926,64582576.42442335,4.714146273455133,3.6176528626972577,3.1335425888922352,-40305.49927724967,32462444729267.89,1978116778593.4692
117.47262964645638,1223.937384764629,110.89916699923727,-0.005520524766327984,-0.009781190923702714,-0.03024367787077226,-0.004260666157374759,-0.0247231531044443,0.02046248694706961,0.7260014476058818,0.0419620839886509,0.03184786265379899,-0.0030149990979149504,-0.004026690129387626,-0.026725669254116062,0.4405235256466073,1.0919555139987165,-0.028044547901902205,4714446.845804486,465624232.9538258,140154446.68567902,0.21250522457771662,0.1566463012259047,-0.10926366077855212,144939.95126520307,26383136.74756592,64686806.7772,4.729527893612388,3.6413169622764725,3.102006632603931,-39879.63193076165,31195395846063.965,2006597221619.1465
116.91856597140244,1210.1382016480134,107.58352100469605,-0.005661129079967562,-0.01228399309508416,-0.02900566655033468,-0.006622864015116638,-0.02334453747036714,0.016721673455250583,0.7466872400418937,0.06562570173205821,-0.04214717784167286,-0.005520524766327984,-0.009781190923702714,-0.03024367787077226,0.46485567956788126,1.0850935739138812,-0.04477684739818649,4722490.361932511,466717336.7524476,140008270.10225543,0.24211508094483297,0.21749087998904815,-0.05720867682273233,145133.76223161316,26446778.73564254,64786709.891382985,4.761485514945545,3.669376143029472,3.071563072966339,-39095.882360999596,29787784075798.516,2000387373693.6816
116.43237268471184,1196.952190793619,104.67378792946806,-0.005069852548888144,-0.011718735145069633,-0.02531858362450859,-0.006648882596181529,-0.02024873107562046,0.013599848479439026,0.7638111790391456,0.10834862051152243,-0.07860583710361477,-0.005661129079967562,-0.01228399309508416,-0.02900566655033468,0.48480894770999144,1.0822650206201128,-0.058102611522896766,4736143.65958976,468324395.06863385,139859477.57410654,0.2536714992468927,0.22396927447620582,0.049357069042187444,145316.05923443384,26499102.26284222,64893154.297406174,4.784402808697021,3.665878121416287,3.0386869771035165,-38529.381277383756,28428813860285.652,1949106719349.953
116.24833254614893,1187.6614153008554,102.52424229587884,-0.0024294089377485716,-0.008317893135005205,-0.018379813151554777,-0.005888484197256685,-0.015950404213806217,0.010061920016549635,0.7863077529326843,0.16730429559205995,-0.07495788151203284,-0.005069852548888144,-0.011718735145069633,-0.02531858362450859,0.5015226206065908,1.084151372037118,-0.07102272088944911,4749517.661693591,469670610.7011425,139698044.47154936,0.22377713074133965,0.19022175128036156,0.08378552824934962,145487.83475993943,26549765.469436664,64991959.533904865,4.782496288812439,3.660753558321932,3.0079378815138704,-38714.628863807986,27052144150515.504,1869597558860.0984
116.31212044505786,1181.2022748983427,101.81841451677217,-0.00027685127047407635,-0.005898132035043076,-0.005555017702876256,-0.005621280764569063,-0.005278166432402199,-0.00034311433216676485,0.8074358411910454,0.23064546320937432,-0.05551318520438088,-0.0024294089377485716,-0.008317893135005205,-0.018379813151554777,0.5307192475953325,1.0889245471513094,-0.08134013769266274,4762239.077736231,470741681.4493659,139530077.8451014,0.20995988516410172,0.1830553278656909,0.08625757568831507,145662.5376900963,26597414.49128857,65080925.36073654,4.778305532251941,3.6543188447873547,2.980025559037773,-38657.19282567556,25700844987206.906,1767068017653.4265
116.40183994072416,1175.787980289131,101.45616708007299,1.3790517245326176e-06,-0.004994891250319562,-0.002549401211857969,-0.0049962703020441585,-0.0025507802635825172,-0.002445490038461535,0.8213723962424115,0.3189467634459578,-0.005554815664404356,-0.00027685127047407635,-0.005898132035043076,-0.005555017702876256,0.5715746344573401,1.099752668339542,-0.08963560868477513,4780189.429842519,472793183.67928606,139471529.54594517,0.2637195675896645,0.29838088695651654,0.07989469111273453,145840.73419653455,26573563.076216627,65158366.74406295,4.772184685379935,3.659898037262615,2.942503702038152,-39010.4646065861,24512123890612.96,1644585400037.819
116.30760428860209,1165.9710757321664,101.31076463164155,-0.0014984929607008654,-0.008754377144977286,-0.0006866281931248771,-0.00725588418427648,0.0008118647675759761,-0.008067748951852345,0.8462719927173841,0.40705228026760326,0.06765830282862773,1.3790517245326176e-06,-0.004994891250319562,-0.002549401211857969,0.6119972435994268,1.112405397358765,-0.09485246431713303,4797539.693842903,474696149.17583555,139428399.19032624,0.28680969474498114,0.3224484635295642,0.07877125426133003,146023.32902643294,26537890.81036538,65223112.88673483,4.751510382633732,3.6661223693724705,2.9074589196773486,-38974.54527120801,23429072686960.02,1509596892182.6377
116.15677807303416,1155.1848293589335,101.52531251410402,-0.0019005851697260555,-0.009583664956139774,0.002418356634219578,-0.007683079786413761,0.004318941803945613,-0.012002021590359284,0.8710989516253176,0.49598825079695097,0.15033456882716428,-0.0014984929607008654,-0.008754377144977286,-0.0006866281931248771,0.6667176745193218,1.1273206915553031,-0.09836206045674112,4813829.370627961,476408342.6474551,139400438.89455944,0.2780955183424167,0.2981978285394201,0.09839702346722606,146198.13450254855,26492649.946788292,65274490.92853747,4.702358198683138,3.6727405971901663,2.8756948479623055,-39140.60151123149,22473615923063.58,1367402738347.4954
115.890825136832,1144.5995627422556,101.67925168289713,-0.0028042663265352534,-0.009385950268521402,0.0017492956113361459,-0.006581683941986186,0.0045535619378713945,-0.011135245879857487,0.8844494801713768,0.5817337554210347,0.23261428679024565,-0.0019005851697260555,-0.009583664956139774,0.002418356634219578,0.7339645321116478,1.1438248355855283,-0.10138983516868619,4833829.002615675,478398170.49248904,139464557.7115325,0.2923378940298362,0.25789332219210787,0.15510830504851572,146375.2353959761,26546577.771165267,65357363.43830373,4.649050487167109,3.6751857843103877,2.8435073379798967,-39752.94408191567,22554496557864.875,1201386447745.4424
115.55144574014511,1133.748235904978,102.354677276324,-0.0033441976672604606,-0.009604332754278518,0.006309472753268672,-0.006260135087018075,0.009653670420529132,-0.01591380550754714,0.892930518024272,0.658598220761517,0.32436173222121045,-0.0028042663265352534,-0.009385950268521402,0.0017492956113361459,0.8007677679813918,1.161263820145165,-0.10256313735437615,4852603.625326148,480193024.43824494,139549941.66546232,0.27784089532761863,0.2403634668137636,0.17449520932022095,146555.36913818165,26606275.579969585,65431427.793944255,4.59360203218767,3.6771318791892753,2.815234358856332,-40406.814073073976,22878855432450.09,1035528322771.2314
115.01238991092256,1124.3467946742787,103.08395133511847,-0.005000404750913602,-0.008304123762785096,0.006674756762583219,-0.0033037190118715013,0.011675161513496811,-0.014978880525368271,0.8838589574800011,0.7366775207359442,0.4206698549723341,-0.0033441976672604606,-0.009604332754278518,0.006309472753268672,0.8810676472247196,1.1803209916444835,-0.10252221520086585,4869712.501005789,481758556.2562779,139651902.72403526,0.2596993696357943,0.17898969296884085,0.163708566885149,146738.61843202118,26669375.440494385,65495342.8802024,4.524890361740544,3.678570408204596,2.7913326468794337,-40919.86264292422,23412613956603.285,874788290611.3046
114.2387159672946,1116.623093726421,104.16836748397994,-0.006995026712316433,-0.006806315591757987,0.009746792807475212,0.00018871112055844738,0.016741819519791635,-0.016553108399233164,0.8746683288891288,0.8052385303865773,0.5134960863679606,-0.005000404750913602,-0.008304123762785096,0.006674756762583219,0.9724055091269731,1.1992628162445351,-0.10082971880668061,4893062.3780872915,484926729.20481926,140034229.59502983,0.21754101542407858,0.16120560571934514,0.13308933168702977,146923.44424351613,26743931.051751874,65592406.17142866,4.456303147485915,3.688166972072247,2.763411126693842,-41597.13047650172,24245677309643.062,745039712949.0312
113.29695493901058,1109.7357700615564,105.06881348843585,-0.008420191737704566,-0.006053541945130463,0.007987074231286698,0.0023666497925741116,0.01640726596899127,-0.014040616176417149,0.8621574927020325,0.8650969760258904,0.5929726230681325,-0.006995026712316433,-0.006806315591757987,0.009746792807475212,1.061237419565192,1.2162325738972457,-0.09725158048771346,4914979.860118026,488014543.98236185,140450873.39107406,0.21889426617081204,0.1983527590232187,0.1475393400581116,147104.35414655608,26818647.17033106,65682390.94838943,4.402885560232172,3.698157870390965,2.739379424725995,-41954.187612426416,25225540108089.57,630489001664.5144
112.21091736538463,1104.2728056613314,106.12970646479312,-0.009655061682639701,-0.004783763493590821,0.009347044417570262,0.004871298189048895,0.01900210610020997,-0.01413080791116108,0.8518367287743838,0.9156401974870859,0.665196246633256,-0.008420191737704566,-0.006053541945130463,0.007987074231286698,1.1428490163726333,1.234518378567768,-0.09375370858601162,4934950.662142146,490937401.9626794,140885903.10578167,0.25244036385774776,0.1836236142260083,0.1621181673903419,147273.0524348954,26891266.261942394,65763305.51920245,4.3417231648968375,3.7082039427660827,2.719569510213152,-42284.903406385856,26308126523448.74,533052891458.5138
111.39733202815977,1100.173053531289,107.51266983057086,-0.0071073982665707785,-0.0035704696406709045,0.012153888153709528,0.0035369286258999004,0.01926128642028032,-0.015724357794380445,0.8246061649173687,0.9525030379501057,0.7265736199779241,-0.009655061682639701,-0.004783763493590821,0.009347044417570262,1.2165139830081513,1.2501400514142051,-0.08680301261689961,4963766.344099591,493026698.0860848,141319593.25584507,0.21389264086025753,0.1406446754817387,0.1503755669676389,147435.4893213539,26944873.356534325,65834063.667358086,4.272425314148132,3.7049982896207054,2.691153501845199,-42724.94051875777,26127352901568.527,428623295529.35785
110.68552026381258,1093.976285008312,108.92560587885372,-0.006132316315363116,-0.00545381066505502,0.012362112584393146,0.0006785056503081288,0.01849442889975629,-0.01781592324944819,0.7508297262111207,0.9718540326628662,0.7647719189995792,-0.0071073982665707785,-0.0035704696406709045,0.012153888153709528,1.2821170334898728,1.266495355433572,-0.08048329586619182,4991065.627538303,494762659.65456706,141742787.09322676,0.17941491093670855,0.010665290347443908,0.18729595957817707,147602.1078395259,26991258.44097103,65893224.29067741,4.207884489049852,3.6999622531012446,2.665844489258686,-43464.615704329764,25832927454829.285,340509150327.23676
110.02182806798574,1086.2273047873837,110.31344146594266,-0.005654718160529589,-0.00689853010158712,0.01209289841315754,-0.001243811941057482,0.017747616573687165,-0.01899142851474469,0.6340621950024675,0.9518643895159864,0.7456817326295373,-0.006132316315363116,-0.00545381066505502,0.012362112584393146,1.3556962679187263,1.3135202683879952,-0.07304105191456906,5016181.173806995,496128541.27656406,142143838.4340735,0.13511850667741326,0.01467188501615527,0.2139054341403161,147764.69127069495,27029752.163734935,65940172.32294449,4.136561211789905,3.693429952640693,2.6440910432530633,-44329.63490021466,25445048129119.086,269722335135.51068
109.12264124970201,1076.7594034449264,111.35881802234442,-0.00778376693679916,-0.008538281391909682,0.00900004824706313,-0.000754514455110471,0.016783815183862315,-0.017538329638972845,0.5209229194113645,0.9325270502298066,0.7243615962162628,-0.005654718160529589,-0.00689853010158712,0.01209289841315754,1.4345466908671325,1.3591370819953361,-0.06515180080067151,5048050.509234608,498070440.49806446,142510612.73781338,0.16790218764372508,0.03606566366751085,0.21443679822203177,147921.57562062624,26982046.049310405,66078286.382296525,4.0582734259022555,3.6944179836469755,2.595861210550411,-45233.853129504634,24524404392106.336,133033561408.89194
108.19852387575561,1069.6109101333675,111.9085201704357,-0.008018822561907947,-0.006424724129325135,0.004473762711836669,0.0015940984325828762,0.012492585273744652,-0.010898486841161827,0.38608319101802224,0.8948957514156064,0.645036049180213,-0.00778376693679916,-0.008538281391909682,0.00900004824706313,1.506075670794684,1.404118101782083,-0.057556920774143566,5077755.544842421,499741678.5824729,142837316.97904485,0.19684543488409398,0.11173309454370554,0.1984819219489149,148106.14426694563,26918147.26484901,66214640.44424446,3.999066215826303,3.6954746720432206,2.5485795248015113,-46324.15394198047,23505962997031.67,5456888212.668304
107.38901152293117,1062.4766388489634,112.03600284460475,-0.006976944294010102,-0.006459333516933565,0.0005848643144845942,0.0005176107770765891,0.0075618086084947335,-0.007044197831418197,0.2503917658308329,0.8374559630548258,0.5545144420256836,-0.008018822561907947,-0.006424724129325135,0.004473762711836669,1.5795694826056401,1.4471774765366925,-0.05285482112704412,5104621.5595441805,501119184.5009663,143118157.03678185,0.20103199435390315,0.0864557894959696,0.1391680756446423,148300.07172062472,26841592.040888287,66345319.88667027,3.9358077402831566,3.6965614514385443,2.5035696218834564,-46701.12005494931,22430056951553.523,-110091594310.313
106.67661405970125,1055.8012955275308,112.16739526401877,-0.0061111570739535125,-0.00608369724731963,0.0006960083233347411,2.7459826633920076e-05,0.006807165397288293,-0.006779705570654425,0.12021244665549231,0.7765099853962427,0.4595261917172603,-0.006976944294010102,-0.006459333516933565,0.0005848643144845942,1.6670268287573313,1.4846155895197404,-0.04902728681084329,5136328.135989439,502752424.29258144,143404618.87764165,0.22783393804611432,0.09533154126812816,0.09861057170145764,148492.46427731717,26851613.578096986,66515071.78825339,3.8808008800858302,3.70197170935118,2.448954620600704,-47307.735954972784,21493944302076.586,-110093460751.6868
106.47685792100329,1051.2741476724157,112.42967872357082,-0.0014598456263134332,-0.004130587817076375,0.00195997403779341,-0.0026707421907628953,0.0034198196641068816,-0.006090561854869828,0.02932882222481957,0.7313083078862567,0.37958748069986836,-0.0061111570739535125,-0.00608369724731963,0.0006960083233347411,1.7477276354311333,1.5217714235188915,-0.045741687321937244,5165131.050710487,504134967.3762576,143644988.96808624,0.25943766922772094,0.08853477162502701,0.08215050100154772,148704.84365002086,26865660.55424191,66677896.34603059,3.8088706795056613,3.707780790192017,2.3973334808282054,-47216.408186344735,20589241088485.047,-83991616726.37262
106.66782665854501,1050.0864901726393,112.62597442846054,0.002023281284817325,-0.0010869102066775745,0.0014145318947433962,-0.0031101914914948565,-0.0006087493900738929,-0.0025014421014210248,-0.023996452947846414,0.6821911259450097,0.3078590108669944,-0.0014598456263134332,-0.004130587817076375,0.00195997403779341,1.8345265323746212,1.5532585314125607,-0.044542397162263686,5190456.582438117,505250407.13027835,143836665.38044378,0.25922989721433526,0.04863863579748517,0.04187192234158236,148925.50977595354,26882909.016145084,66829601.55764916,3.76986737859834,3.7137745392430097,2.3499554506081104,-47394.86094898915,19739947463598.11,-35179488601.798676
107.05303572257621,1054.1990037176615,112.90574252000746,0.0037401471203275696,0.0036926771627768073,0.002222393091968368,-4.746995755072308e-05,-0.0015177540283591692,0.001470284070808387,-0.05969702000364134,0.6503306316581468,0.2497068558408497,0.002023281284817325,-0.0010869102066775745,0.0014145318947433962,1.9239097436525217,1.579699172574486,-0.04412676410368957,5218971.78851984,506894116.6949887,143866729.9401523,0.2361970054858581,0.006613954478772957,0.027365043877366078,149133.04399601434,26901997.461373586,66964582.4013764,3.7156683864238005,3.776096677211612,2.3164755598917814,-48083.622606899444,19593932477291.926,-136452008631.62814
107.68020980852701,1059.7437957966517,113.06608544379948,0.005866064866467647,0.004984109148417787,0.00120343796451153,-0.0008819557180498248,-0.004662626901956101,0.003780671183906208,-0.07906726663040028,0.6167294315759135,0.19812858040539788,0.0037401471203275696,0.0036926771627768073,0.002222393091968368,2.0039373414930566,1.6021047744429846,-0.04309889142786218,5244056.795337796,508346937.8023784,143836624.39568537,0.2149394927656529,0.10270832265756877,0.06848790194325044,149350.10347418865,26922572.238238033,67082127.88868962,3.669419241874001,3.843904701067006,2.289848391450332,-48714.129420811725,19602224715297.6,-239716736399.52582
108.46134919162692,1066.5047947938433,113.26562659989833,0.007205577257131352,0.00608014733637479,0.0016096840650473095,-0.0011254299207565468,-0.005595893192084047,0.004470463271327422,-0.07963972673243688,0.5948629175948444,0.1532588598280596,0.005866064866467647,0.004984109148417787,0.00120343796451153,2.0783440593047464,1.6244066728913433,-0.042520839276781665,5265302.072613822,509584374.66495776,143753268.9237946,0.19890554653449866,0.19686500433875798,0.06644383714424885,149553.59390031986,26943867.47026889,67180455.19061083,3.618712434522961,3.9146157815048506,2.270187488109517,-49421.911670708425,19749144688043.78,-341676509298.64795
109.43061716066802,1075.5398500475003,113.51334778239033,0.008831783689281926,0.008112337507251334,0.0020890298467363348,-0.000719446182030584,-0.0067427538425456025,0.006023307660514944,-0.061982104884608334,0.5723649538075539,0.12100345482949186,0.007205577257131352,0.00608014733637479,0.0016096840650473095,2.1726597835561243,1.639346181308126,-0.04272496716250575,5286326.193983831,510537893.60133046,143631785.43137905,0.18985882853042488,0.1760420677216655,0.09161086371081996,149752.70746682837,26959382.0549886,67295802.10662158,3.5885149348713368,3.9381472804537654,2.2617280504594985,-50332.5583454942,19006272622874.027,-531357879628.89844
110.63884381798499,1085.0396042743669,113.79325141316141,0.010879223859158047,0.008534327121201432,0.0024199387424809695,-0.002344896737956627,-0.008459285116677095,0.0061143883787204,-0.027725080207063095,0.5551043336200687,0.10213833583354567,0.008831783689281926,0.008112337507251334,0.0020890298467363348,2.2593641418756816,1.6479113534439869,-0.04485693324478226,5303542.121397324,511248010.83602595,143474018.72526368,0.11481401747084574,0.07758916273463232,0.04251286170940936,149936.9384526812,26973682.61958668,67394340.26783262,3.567681737138735,3.9551812110941755,2.2602637150606966,-50814.75360243658,18261911885535.03,-723563746537.2568
111.8977454950307,1094.1571949503157,113.92747825246055,0.011285784741972324,0.008199560942272628,0.0011741653759374485,-0.0030862237996997304,-0.010111619366034899,0.007025395566335108,0.016166635606591838,0.5437662868689692,0.0991491991894813,0.010879223859158047,0.008534327121201432,0.0024199387424809695,2.344717140107012,1.685282667762942,-0.04716999472148764,5316814.196427547,511717763.0221711,143288330.12800193,0.03579726699309912,0.012964873364263475,-0.011950725943142462,150118.1081863683,26986461.549137354,67474794.40488759,3.568901407065231,3.9658563123377193,2.265138901749954,-51959.59672561163,17538542165363.887,-912275484358.6617
112.92995363952092,1103.10831071016,113.53292472325596,0.009279689498735545,0.00805260635142523,-0.0035515479033187453,-0.0012270831473103689,-0.012831237402054317,0.011604154254743908,0.03507555497105616,0.5443672466305955,0.08900248874723256,0.011285784741972324,0.008199560942272628,0.0011741653759374485,2.4361933243119984,1.7188583706171134,-0.04935665020887786,5332434.958061922,511667389.0990366,143231379.9866263,0.020339273553334203,-0.024818933269996388,-0.017609433052144824,150304.38770109563,26931187.63925884,67551293.49609043,3.5929320677871206,3.9791592140867773,2.2755734027177876,-52273.51763470082,16510549152248.938,-988528383867.1663
113.9003903603765,1111.789565572715,113.22493880927415,0.008697578118502114,0.007811079363243631,-0.002708831301101715,-0.0008864987552585287,-0.011406409419603844,0.010519910664345287,0.07083967595747992,0.5368556412375648,0.10361971770281994,0.009279689498735545,0.00805260635142523,-0.0035515479033187453,2.5174360903671267,1.751310752067354,-0.05059394064126272,5344857.594791003,511373262.8952445,143177927.95978945,0.04169790125094576,0.008564208757269633,-0.03217398645868261,150465.45763331736,26867324.39119041,67610604.07329027,3.6007717004032074,3.987758049238326,2.2906982515073038,-52293.440923840055,15504785965878.016,-1041013641908.8054
114.83741069833522,1120.9976079818334,112.9730055424123,0.008360368943398817,0.008273578009048016,-0.002163279496798742,-8.679093435084859e-05,-0.010523648440197587,0.010436857505846723,0.10809656958255033,0.535303128080898,0.11475063307275556,0.008697578118502114,0.007811079363243631,-0.002708831301101715,2.5883314971057287,1.78077857281055,-0.050019683811171216,5354029.240003445,510868583.42497426,143129227.79684258,0.0907327291412678,-0.02969688968090904,-0.04431686493080613,150628.3068433174,26797646.63619311,67652665.67057143,3.6138042187455897,3.9918652593975703,2.309590667872649,-52245.58865635018,14549202519167.846,-1070533464889.0165
115.69468868154802,1130.9064179105849,112.75277067096425,0.007617665337408976,0.00887840387267937,-0.0018480372532012513,0.0012607385352703458,-0.009465702590610268,0.010726441125880596,0.14054957102145177,0.5441428533789855,0.1429109464237268,0.008360368943398817,0.008273578009048016,-0.002163279496798742,2.6480874182572984,1.80537625429511,-0.05261226214975373,5369305.82849454,511054111.3989818,143157300.56628513,0.14456709236831958,0.003105028415157431,-0.014915949607793117,150803.6119270179,26828237.25760975,67697007.13800731,3.618119358691366,4.000464790758963,2.3139651225652806,-52289.72395591878,13392108341553.656,-1060213131624.536
116.57956820599308,1145.6298543091434,112.2865285455321,0.007803850824049683,0.012992597902390069,-0.00404475681533161,0.005188747078340327,-0.011848607639381347,0.01703735471772168,0.18439291068744046,0.529129114820515,0.1224709243565392,0.007617665337408976,0.00887840387267937,-0.0018480372532012513,2.691125124745992,1.8258528800023606,-0.05303721478998538,5382460.1182816895,511190210.23361915,143198984.29179487,0.1634080065016166,0.01856060384916253,-0.018007647328847614,150958.7081445378,26868604.699156433,67727404.24455939,3.611459403881823,4.006189425261447,2.3184821781116907,-52419.96400685297,12300167331454.277,-1028412167737.7675
117.28849973181384,1159.0136514385717,111.5603914462772,0.006229131986417234,0.011816456585038389,-0.00640915632207051,0.005587324598621097,-0.012638288308487799,0.018225612907108897,0.22999686844711065,0.5251650515512216,0.11198156547263242,0.007803850824049683,0.012992597902390069,-0.00404475681533161,2.7195253068434373,1.8433062567388152,-0.05498855572249431,5393309.710541673,511277739.8777842,143251667.3659998,0.15675958902653542,-0.006284196375707755,-0.033249945857931236,151116.5034959696,26916560.255573753,67744339.51311947,3.60512166243678,4.00915491355584,2.3229920627601093,-52191.271132488146,11299622402421.207,-978232665207.5427
117.82529811309813,1171.5169593119,110.82561821955947,0.0046882385882656055,0.011019454039478594,-0.0064755662128225516,0.0063312154512129345,-0.011163804801088199,0.017495020252301152,0.2827291805294259,0.5223307197758238,0.07819658648875295,0.006229131986417234,0.011816456585038389,-0.00640915632207051,2.737499711525835,1.83961510809946,-0.05812510589007751,5412134.666259408,511462672.3611992,143330641.86180422,0.16580622562816633,-0.05202399068681978,-0.04897051615836856,151262.80420737914,26986225.348682128,67769451.06942998,3.6122640452631383,3.9835482056141185,2.327360197060883,-51846.08941158516,10273026394218.807,-933850102974.1141
118.48906771286103,1187.2608276185385,109.83097757192672,0.005729956154887564,0.013669801889964556,-0.00889563138664789,0.00793984573507693,-0.014625587541535494,0.022565433276612465,0.36119132381008395,0.4834666475706678,0.02269614859891058,0.0046882385882656055,0.011019454039478594,-0.0064755662128225516,2.7084516843942175,1.8144046210810567,-0.05795424786420006,5429591.870417587,511619149.42543674,143417084.4021741,0.15160101180078914,-0.029869085846216007,-0.012649913944011095,151415.22072142633,27060786.072019204,67785167.93802653,3.6083242684489663,3.9529947222981456,2.3314697120197523,-51464.32318042492,9360185295010.082,-879991463874.805
119.0739163212618,1200.595984265957,108.98627483789946,0.005000510063925626,0.011585612911669646,-0.007501252469432212,0.006585102847743966,-0.012501762533357885,0.019086865381101888,0.43622308575349006,0.44108790598058545,-0.04227634762989408,0.005729956154887564,0.013669801889964556,-0.00889563138664789,2.6532549094439357,1.7838830441320621,-0.05923184820498436,5445294.382047421,511745322.3004874,143507654.90644175,0.144957289002126,0.015209401085713864,0.0034181254672309607,151570.288962426,27137516.040861998,67791958.08162263,3.5915287412627426,3.918905745644826,2.335223184122142,-50481.20387696796,8577108846871.929,-819220114769.1827
119.47272957918466,1210.7616457206552,108.26426524113795,0.0033615420650253735,0.00884716522937043,-0.006379706836492138,0.0054856231643450205,-0.009741248901517542,0.01522687206586259,0.5116374197223937,0.3864124233183418,-0.117701328296141,0.005000510063925626,0.011585612911669646,-0.007501252469432212,2.5578801647053635,1.726397133554005,-0.05543473306554069,5465968.090052849,512481830.2190184,143248629.7130894,0.1565172198132654,0.05038875729187933,0.046776817173331875,151716.04171045296,27215300.43159465,67826910.46841043,3.5866669045572586,3.856657494287493,2.3342146134906288,-49011.610387547655,8042652278141.434,-759893187131.0472
119.7255546239397,1216.943391658264,107.69732864581843,0.0020703917434841427,0.005399857090449121,-0.004970557786623227,0.0033294653469649635,-0.007040949530107379,0.010370414877072374,0.5936119507737959,0.320507445860573,-0.19683336073267896,0.0033615420650253735,0.00884716522937043,-0.006379706836492138,2.413806489499488,1.6542679000271334,-0.05384428744807517,5485094.513556148,513252164.4391257,142952426.6476796,0.13239764094889292,-0.016985484841328124,0.06739633519362274,151866.5779323636,27290620.270306196,67858160.30246715,3.582691244385605,3.7909333432372687,2.332280461517548,-47130.30793544295,7664649297939.744,-699151646642.7938
119.77367152550104,1222.112861252364,107.26694830465632,0.00028014049369152897,0.004484845868669582,-0.003739822831127,0.004204705374978046,-0.004019963324818519,0.008224668699796598,0.6677611613626457,0.2507837931353676,-0.27498520024530204,0.0020703917434841427,0.005399857090449121,-0.004970557786623227,2.258225987129215,1.5781235528521351,-0.05143755776891395,5502254.588302433,514029832.30404854,142631649.58938038,0.10024809074249089,0.009963261784025007,0.07393201135607586,152012.61319411232,27361462.4170374,67885140.34404418,3.5796324128995494,3.7240526069949493,2.329571310896249,-45817.69649048543,7438794636820.031,-638959200804.0819
119.61891459114122,1223.8743980494828,106.95313965247072,-0.0014913251706722812,0.0015263110958012745,-0.0026968748784081857,0.00301763626647357,-0.0012055497077358736,0.004223185974209475,0.7491335731285594,0.10824882770116478,-0.3755865831681156,0.00028014049369152897,0.004484845868669582,-0.003739822831127,2.096956755382093,1.4993499338090726,-0.04808837432460144,5511215.822925016,513967532.4133576,142400256.9992297,0.1278460528344543,0.05835823589332208,0.06459615956160138,152168.1965338628,27342494.376584362,67885368.17114216,3.5774904921751123,3.6624793661670134,2.343574936010192,-44560.9752953091,7696764202707.689,-486444133525.1187
119.53544091248315,1227.5082492254055,106.83020281792957,-0.0008903811133028614,0.003059764512526741,-0.0009795574972185817,0.003950145625829626,-8.917638391566798e-05,0.004039322009745336,0.8276537008078707,-0.021691083320243623,-0.4595879734879278,-0.0014913251706722812,0.0015263110958012745,-0.0026968748784081857,1.9393057441482202,1.4176731786560437,-0.042511457994982134,5517078.744397591,513784390.5393351,142177884.70811722,0.14568183713218777,0.07204996551488979,0.038256008159726296,152338.03564362234,27307616.2088791,67878512.1703961,3.563238048757866,3.604190068436861,2.3588699505324344,-42927.92696079113,8120809485925.352,-328200758968.29834
119.93700637431638,1233.1861678069738,106.46537206530466,0.0031675213586882587,0.004677950496175963,-0.0032409708024011977,0.001510429137487735,-0.006408492161089411,0.007918921298577186,0.881870975567979,-0.18459419762895704,-0.5459428266170132,-0.0008903811133028614,0.003059764512526741,-0.0009795574972185817,1.6657406617132882,1.305033903658637,-0.040726889558475296,5519977.2963909805,513497985.13653475,141970301.85487244,0.10166558788618225,0.04667302320885404,0.03340219165324694,152307.89977309725,27259465.27167799,67865486.40461278,3.6655137082196076,3.5506049984266177,2.3748683650864804,-41685.86565090122,8681601556243.486,-169549209098.11102
120.62507709873681,1238.5716094961758,106.2446775159831,0.005496886258100402,0.004361342870107582,-0.001941549140156859,-0.0011355433879927702,-0.007438435398257199,0.00630289201026448,0.9204958451910802,-0.33008240280287415,-0.6260070176519241,0.0031675213586882587,0.004677950496175963,-0.0032409708024011977,1.3110598676704506,1.1627075390512116,-0.03787897127886488,5461850.1882933015,512379045.71991843,140516963.73130596,-0.00617000407180817,-0.01284541556284377,0.015031691047818109,149577.16049643172,27213844.570046652,67723364.4232694,5.131596390488588,3.5765192854646,2.4300198872325276,-41825.47450247328,7954961632842.503,-325417197941.99915
121.23774243775308,1243.4654587315724,106.0136415071142,0.004873840155106089,0.0038896414936085513,-0.0020769286640025717,-0.000984198661497483,-0.0069507688191085965,0.005966570157611175,0.9551418253931349,-0.46243569181500344,-0.6861059647596225,0.005496886258100402,0.004361342870107582,-0.001941549140156859,0.9540153570017833,1.0167325847329927,-0.03668947568884957,5395367.469356592,511119923.8733661,138959348.50815696,-0.03590693671184531,-0.029835647990486484,0.008047289771497618,146884.98033253982,27161845.701477047,67564653.50736226,6.533122912816013,3.616545565234847,2.488754660546994,-42526.90823381392,7163493912796.344,-521117231963.23846
121.44861396973515,1245.0002592814822,105.87827338391875,0.001554151641281133,0.00107857506721545,-0.001224806874297739,-0.00047557657406562475,-0.0027789585155787934,0.002303381941513241,0.9830237421108184,-0.5940883046334408,-0.7515620682791364,0.004873840155106089,0.0038896414936085513,-0.0020769286640025717,0.6094548366899294,0.8472531483046057,-0.03605824538717029,5323359.182232856,509772411.4952681,137354612.3520781,0.009343032013476625,-0.0029067877356503255,-0.024480090070335754,144648.69877506094,27105666.448720094,67395773.87782499,7.708503095526215,3.668071850071023,2.5489523167136046,-42873.82134500609,6337425207370.91,-746795105623.4565
121.45754192942695,1243.8875719979565,105.69525176352529,-0.0001273282623584927,-0.0011525160776617548,-0.0017069583982795443,-0.0010251878153031896,-0.001579630135920973,0.0005544423206178533,1.0025865808516001,-0.7034278587339904,-0.7978196729363153,0.001554151641281133,0.00107857506721545,-0.001224806874297739,0.284766723308563,0.6837040610699194,-0.03324839075404383,5305287.877354507,510318639.0101219,136599280.1910448,0.06082171290586208,-0.016159609874228275,-0.02002032922587571,142632.63441007808,27075789.22777723,67240577.19490668,8.76109016709961,3.7110733509214513,2.639002637762146,-44638.38850472886,7292121716266.893,-608473548748.9493
121.15629883526678,1239.9700262828446,105.47533291226543,-0.002734051508405833,-0.003516732236401683,-0.0020906767797418467,-0.0007826807279957772,0.0006433747286640492,-0.001426055456659761,1.0124603178996026,-0.776429986862043,-0.8056473954711316,-0.0001273282623584927,-0.0011525160776617548,-0.0017069583982795443,-0.011995580433923625,0.532998760726604,-0.031472069861608706,5292648.345643357,511066025.6031866,135982094.0903835,0.09573687432183312,0.053490638497278434,-0.012405934589085402,140920.1674492912,27048650.152095336,67088683.06443299,9.517585826502676,3.758442501159193,2.7298788475729676,-47038.73729333748,8446155222785.27,-442247651099.4243
120.6806730854646,1233.8041343507589,105.24876818676357,-0.004192278714823734,-0.005413601382755673,-0.0021876548408012175,-0.0012213226679318677,0.002004623874022574,-0.003225946541954382,1.0166155566668673,-0.8344457943672733,-0.7925354923005064,-0.002734051508405833,-0.003516732236401683,-0.0020906767797418467,-0.27702178638914393,0.39377402759582214,-0.03244921896256883,5285276.595734023,511972033.76884925,135507755.02707684,0.11086741336655205,0.1297311428767161,-0.041180801378301574,139499.54216110424,27024789.57941877,66944318.0550737,10.086904345170355,3.8083214613383842,2.818772070975519,-49013.849084285124,9744971021968.25,-255894623681.86902
120.04931571807872,1222.169107581359,104.99725085820899,-0.00549400707215279,-0.010096139386044317,-0.002454943245612116,-0.004602132313891446,0.003039063826540725,-0.0076411961404321315,1.003560789542477,-0.8715706157795493,-0.7497887987652806,-0.004192278714823734,-0.005413601382755673,-0.0021876548408012175,-0.5045347181571679,0.27495854695024374,-0.02955517658455588,5295305.492943601,513912578.10488015,135478945.96928856,0.11262387610580255,0.06728866253190854,-0.05884275744724708,138378.92313690286,26989554.4766273,66861760.20499812,10.413683881616155,3.8806338816595054,2.9162138099085495,-51567.214223609444,11485701310573.887,55557419704.38678
119.13422361588906,1205.7433102614582,104.6741708147636,-0.007919399861234275,-0.014280507621236173,-0.003164971327691345,-0.006361107760001809,0.0047544285335429735,-0.011115536293544752,0.9871379731348939,-0.8849442824313734,-0.6768944085407544,-0.00549400707215279,-0.010096139386044317,-0.002454943245612116,-0.6914603152036743,0.17247585796071585,-0.02822388314680755,5311126.035643913,516019098.6641616,135619103.1882004,0.0987329762879539,0.05298777034562447,-0.10197323518588061,137527.9283210145,26956709.34981616,66798305.53378016,10.57637494796889,3.954297043498729,3.0084259606510204,-54570.99642229306,13302259731001.742,383658716160.88544
117.8739470154417,1185.4786933657037,104.30607364621986,-0.01092771161738848,-0.017691287735302333,-0.0036208074663118166,-0.006763576117913757,0.0073069041510766975,-0.014070480268990446,0.9713743714702083,-0.8762272716439952,-0.5980037325918466,-0.007919399861234275,-0.014280507621236173,-0.003164971327691345,-0.8362495430894199,0.0923671621313193,-0.026359002558429823,5331684.443004877,518211802.20759004,135907125.33957505,0.1016121771632515,0.07868133426760007,-0.13373146809507439,136894.3351370846,26927000.555191647,66753947.36367059,10.606505659247285,4.026965977849069,3.093165117499714,-57253.01050843952,15132566717456.76,716901301486.9076
116.50735866457582,1164.8368773585537,103.93721607814389,-0.011838999981670626,-0.01799454743630004,-0.0036476209383777187,-0.0061555474546293254,0.008191379043292932,-0.014346926497922258,0.950446118844545,-0.850998348534861,-0.50822871418684,-0.01092771161738848,-0.017691287735302333,-0.0036208074663118166,-0.9387723618939083,0.03019832102092282,-0.023499839952136975,5375180.005339598,521958245.330448,136469377.76562503,0.1470470926361218,0.16746610176935012,-0.07330193367049653,136541.16121743512,26825184.52337384,66739806.78966186,10.477428129620423,4.105218039428903,3.1426364051385467,-59923.812870718146,16180536803742.572,912238509235.7202
115.19625338885925,1146.088736631362,103.81615196253121,-0.011318062083672645,-0.016268172943865927,-0.001289837680820357,-0.004950110860193212,0.010028224402852306,-0.014978335263045517,0.9256403249953961,-0.8066183780759896,-0.4091396236970174,-0.011838999981670626,-0.01799454743630004,-0.0036476209383777187,-1.0014797279611307,-0.011959585609061699,-0.020601598407909306,5423175.810280659,525804540.7811066,137146344.86610126,0.21214910378262145,0.24105040946784462,-0.07971629467826159,136480.62985322755,26719850.459036592,66744286.26936415,10.212935509067632,4.179487353667886,3.1788824718593394,-62779.12061064737,17062042577287.525,1079550960932.5801
114.09308203904857,1130.6933478779488,104.17974141560384,-0.009460534102168764,-0.013277154902807193,0.0032450055725889793,-0.003816620800638384,0.012705539674757738,-0.016522160475396116,0.8908783344545121,-0.6340891365963599,-0.21024019198991037,-0.011318062083672645,-0.016268172943865927,-0.001289837680820357,-1.026771965582797,-0.03484291400777592,-0.017985133065867125,5473781.959419195,529625314.4632662,137906246.16054684,0.30171544070099243,0.2798847741124544,-0.06009773074490228,136741.5127298439,26614510.187361974,66765389.41301528,9.84150408529809,4.247944115872934,3.2021384577522727,-65438.06395826425,17767285296159.36,1216621758631.7766
112.9860033630475,1115.336697563538,104.7040803019011,-0.009491786484345286,-0.013250592392964508,0.004746629828002896,-0.003758805908619177,0.014238416312348168,-0.01799722222096736,0.8574334740301817,-0.43212503969986765,-0.005039953323190863,-0.009460534102168764,-0.013277154902807193,0.0032450055725889793,-1.0166318204748126,-0.04099262214638544,-0.014950760266053145,5549438.7798613,535012977.34331185,138867065.44073144,0.40929068070649655,0.2987141590692295,-0.15463809128253186,137248.8919369033,26655099.637233958,66769620.75991085,9.394970681346562,4.248457878381289,3.217334691323345,-67767.12105237151,17636369834259.23,1284373433802.1003
111.7950684537551,1102.1420113536626,105.3057343205116,-0.010255574417403374,-0.01134664365008363,0.005481620786177079,-0.0010910692326802202,0.01573719520358042,-0.016828264436260672,0.8161890335306224,-0.2131890698029699,0.20673963898936396,-0.009491786484345286,-0.013250592392964508,0.004746629828002896,-0.9762067352633823,-0.030897580806742438,-0.01278130193823897,5626741.079863356,540338070.6150535,139865213.82967564,0.5158606762902553,0.3018671807582502,-0.11608527302792253,137981.1264651497,26715981.153001726,66782540.54931953,8.85524149734979,4.23446752828737,3.2214912607976096,-69870.0288054969,17261734973521.338,1316928048441.3286
110.7533989817793,1090.6435334241646,106.09081909064572,-0.008944733843116646,-0.009868057951042845,0.007182120984491522,-0.0009233241079261886,0.016126854827608113,-0.017050178935534357,0.7763707675187002,0.029608349868943604,0.41621159753552295,-0.010255574417403374,-0.01134664365008363,0.005481620786177079,-0.9061379565151937,-0.002585116176861458,-0.012515350385059042,5703205.242469306,545447098.4411695,140867013.96483517,0.6369108520269307,0.2887888848556214,-0.09490517840793643,138955.14374661693,26793299.082602665,66802892.343307756,8.2908279868322,4.207843187354222,3.2155874355005194,-72342.95491914485,16678991699651.594,1316828670163.394
110.03378748754768,1084.1629972848916,106.92567434404705,-0.006106358834227753,-0.005461655155080982,0.00765955099880555,0.0006447036791467546,0.013765909833033241,-0.013121206153886534,0.7474674004105908,0.2543075140038739,0.6013396878307806,-0.008944733843116646,-0.009868057951042845,0.007182120984491522,-0.810891916946368,0.04087365547533727,-0.013680533475645339,5794706.405540583,551659794.5314388,141843343.41753367,0.6963816846291304,0.29510875199758674,-0.06999593789771083,140158.97498753894,26906204.246765427,66842753.98759793,7.6461309877614045,4.096975984893763,3.183477369668123,-74271.56977385364,15696221482179.277,1137213309608.3513
109.52152551811281,1082.2518248409992,107.73130559078683,-0.004298470372095712,-0.0014885561710564778,0.007414323976765537,0.0028099142010391924,0.011712794348861182,-0.008902880147822024,0.7234862935303399,0.46092303207291263,0.7572735596601807,-0.006106358834227753,-0.005461655155080982,0.00765955099880555,-0.6991437238260338,0.098560340298056,-0.015138782252903642,5883084.104138514,557562951.176738,142766461.8724363,0.7077619834322363,0.33365936986542805,-0.042477743301576484,141503.73385474258,27029970.767108954,66888646.64783115,6.959519758964847,3.9702862231325358,3.142074989328923,-76298.71604987596,14559996021988.812,916906925820.5623
109.18251998007804,1084.0704148962661,108.56931017012903,-0.002796164124173792,0.0017385917198263878,0.00772420206174591,0.004534755844000114,0.01052036618591962,-0.005985610341919552,0.7032377558006273,0.6518011574157442,0.8903433166434226,-0.004298470372095712,-0.0014885561710564778,0.007414323976765537,-0.5761960383029522,0.1916215464295612,-0.015457042684849006,5965999.353752496,563010427.622205,143613996.87567562,0.7114193928520646,0.36356914485052233,-0.013437035866008279,142946.8648195836,27159799.51240486,66938590.442606114,6.233784060278999,3.833156850853456,3.093551597343775,-78280.79621679976,13319747607157.73,666587812636.9353
109.0864733964444,1089.9976334991181,109.75106263643315,-0.0006847180678743736,0.005268940861965182,0.010808811477746507,0.005953658929839468,0.011493529545620784,-0.005539870615781362,0.6998179329379867,0.8235193056226677,0.997929469030046,-0.002796164124173792,0.0017385917198263878,0.00772420206174591,-0.44585724018309014,0.28882798555502903,-0.016589765793054365,6068525.617792506,569073919.5944593,144575710.2223207,0.7742124795443481,0.36138586799159156,0.016102711901983355,144500.046743353,27286851.29779903,66958616.144625396,5.508608409653366,3.6994167102766804,3.0357329966368285,-78830.93448052718,11741981655595.023,262695346392.56296
109.27032526928082,1098.1285012367116,111.03171909101385,0.0017418906868453925,0.007168987225206539,0.011675985950510951,0.005427096538361058,0.009934095263665475,-0.0045069987253044605,0.6918247842465659,0.9631419665170036,1.0672953311692222,-0.0006847180678743736,0.005268940861965182,0.010808811477746507,-0.31277660466972157,0.3971289412012992,-0.019481523616647557,6164845.486894739,574594880.7816544,145451617.67763165,0.7882888831810728,0.3965323427788061,0.04520540353611632,146102.7890724449,27410929.265719812,66975780.79210399,4.773692071800696,3.566069082449282,2.9746232661014718,-80686.08088346604,10124016999520.738,-164164463619.14908
109.71355819675517,1108.0820271634443,112.22172172540608,0.00398000759442862,0.008734355197078032,0.010863466563045186,0.004754347602649321,0.006883458968616487,-0.0021291113659672057,0.6596301209890135,1.0550166551070725,1.0981995757511496,0.0017418906868453925,0.007168987225206539,0.011675985950510951,-0.18122073456759819,0.5346459330469034,-0.020979659949382005,6252690.004479907,579461935.4266803,146224022.60708255,0.7681279799586929,0.387239199803935,0.07304166390075251,147713.10349645425,27528608.458876923,66989855.5510716,4.066056605579272,3.437075144931145,2.9123848106366066,-82293.57021960705,8518412449068.258,-598889088721.1154
110.19593208557944,1120.6570396826003,113.4954309415969,0.004306723112181502,0.010957332897653913,0.011567084710639056,0.006650609785472322,0.007260361598457481,-0.0006097518129851965,0.6179172298880303,1.105320515196725,1.1002808120297825,0.00398000759442862,0.008734355197078032,0.010863466563045186,-0.054983829438659204,0.6956118477165402,-0.02169859285036154,6344465.654172162,584309215.5444032,146891666.61537588,0.8056043276597901,0.452093195132433,0.0989030483119025,149253.67337316906,27605556.578952014,67017192.9676103,3.437202987812612,3.276869346816887,2.8466686563991295,-84215.57351554572,6113648640188.9795,-1198207968651.2517
110.7698616229539,1134.7380397593627,114.72881741792072,0.005084726818643904,0.012225891558455921,0.011172546826559394,0.007141164739811929,0.006087820007915427,0.001053344731896457,0.5767415900653213,1.1262806801886973,1.0755059644048945,0.004306723112181502,0.010957332897653913,0.011567084710639056,0.06267890006054565,0.859282815487717,-0.02203467467573228,6426107.373270025,588443470.1840216,147436101.47437862,0.8497569107609838,0.4897169950741082,0.12221120283258043,150775.72606101728,27667724.289651036,67042980.65346683,2.8751186421882395,3.1233790481095483,2.7831240578934264,-86068.05927642417,3722131712991.9595,-1796483911528.8367
111.5815243579023,1152.268698635668,116.28224163907456,0.007124598434092943,0.015077304924059608,0.013843515049138135,0.007952706489966568,0.00671891661504514,0.001233789874921401,0.5378303200721006,1.117286732478481,1.0313510084873416,0.005084726818643904,0.012225891558455921,0.011172546826559394,0.18469498960801364,1.0206282020171449,-0.020916108078293975,6496179.303260001,591811974.2541575,147853315.05324975,0.9462245282292288,0.5383769051693926,0.14252220581621314,152209.78169825018,27714724.600590624,67066599.9511337,2.373989171860657,2.980537407829657,2.723440197501491,-89606.49468292206,1414282487124.8823,-2375872932772.7983
112.56686108861878,1171.5794306652729,118.75012068594077,0.008599859949772007,0.01651411260501018,0.021207567201832356,0.007914252655238081,0.012607707252060311,-0.0046934545968222476,0.4881357503367974,1.085865723613087,0.9582216595695231,0.007124598434092943,0.015077304924059608,0.013843515049138135,0.3118686205124944,1.1796902038331154,-0.020041914898250683,6573591.97115318,595166737.6896552,148264058.82263622,0.9437276481037724,0.5909595171000669,0.1595264423269962,153514.16832081228,27873760.042418536,67117893.32049987,1.9627529734100138,2.8385648093428655,2.6560215172237043,-90937.23170828249,-1532938260769.2336,-3148819373909.1797
113.91967631360507,1195.6621065719592,121.54041534654215,0.011691669254299758,0.020290801396486466,0.023596530229890063,0.008599132142186623,0.011904860975590285,-0.00330572883340366,0.47285258381501716,1.0264111646901055,0.8697194698450993,0.008599859949772007,0.01651411260501018,0.021207567201832356,0.4840688297111523,1.3532052993524957,-0.019793883589264198,6640015.303122446,597811191.6509135,148563929.95040497,1.0006506265477484,0.6332910823246717,0.17304446191689105,154663.55123149382,28031090.038791098,67169220.55331442,1.6317578056021338,2.711633526424467,2.5936640594569846,-91799.3880798584,-4364170656050.8613,-3897442699714.6475
115.35385672668457,1220.534151690818,124.91107760968711,0.012356208803652485,0.020842814093674833,0.027826124923115807,0.00848660529002226,0.015469916119463302,-0.006983310829441021,0.46663405940089364,0.939903995778275,0.7586370345929799,0.011691669254299758,0.020290801396486466,0.023596530229890063,0.7048269530986098,1.545122726339363,-0.02211683890349844,6694555.532801111,599737033.4665186,148755019.5668847,1.0901897883508944,0.6755357585570759,0.1830193456902897,155674.77931416238,28182165.234362673,67219038.44624808,1.392909420406978,2.6020473660051744,2.5377324256832274,-91977.69717188098,-7006076562122.801,-4601716521948.129
117.14023039665557,1248.5299677470664,128.59089094222696,0.015232646625427856,0.023150685610022887,0.029860662137404997,0.007918038984594939,0.014628015511977134,-0.006709976527382165,0.47244783723189543,0.8495295421819605,0.6532201597015058,0.012356208803652485,0.020842814093674833,0.027826124923115807,0.9797644555543632,1.7532247288373626,-0.021303993519204298,6752202.653527877,600855922.0965677,148796206.13470992,0.9991753403231991,0.6897048944095275,0.1895061607156398,156575.7112091392,28333162.95334621,67270337.59650093,1.2311585911191287,2.5026884006476555,2.4805909825163495,-90291.82443954487,-11894409580723.86,-5437348226299.819
118.86007578772981,1276.927503165278,131.95486008424604,0.014651042763045371,0.02330111047587515,0.02722728814108592,0.008650067712829699,0.01257624537804055,-0.003926177665210804,0.4854738840998576,0.7611862347640225,0.5533335338511158,0.015232646625427856,0.023150685610022887,0.029860662137404997,1.3327152740979105,1.9850097892204415,-0.021073312867763445,6799041.262576131,601293776.200715,148736834.36171132,0.8838650768885773,0.621755969844448,0.1926591094169857,157311.55857834418,28471804.011831008,67318096.9038335,1.1666480870264906,2.422184679806459,2.430744954190669,-87930.85424725601,-16737816910043.1,-6218132573427.346
120.93750136606474,1313.2401599467103,136.12725923953582,0.017476126811798495,0.028916289449815433,0.032638823368087024,0.011440162638016864,0.015162696556288536,-0.0037225339182716047,0.5141974507229738,0.6892561467728251,0.4887036333911806,0.014651042763045371,0.02330111047587515,0.02722728814108592,1.7101895525641655,2.237056049888599,-0.02480350089543378,6834747.052842274,601105563.6084259,148588741.23516127,0.7850728874907604,0.5738862586405431,0.19271698996568742,157882.56445327832,28595164.844112396,67361237.57331778,1.1685891907323216,2.3610657906551884,2.3889601800718365,-85283.68544677839,-21395488899129.12,-6926130768639.299
123.19183334558421,1352.8311462515976,140.58148570211054,0.018787797010423542,0.030938265028729706,0.034085651205668754,0.0121504680183061,0.01529785419524523,-0.0031473861769390444,0.5490480199691392,0.6197239367028864,0.4328575265088204,0.017476126811798495,0.028916289449815433,0.032638823368087024,2.14301071660687,2.528156002993283,-0.029016565093474063,6873473.957496536,600442880.3671129,148738322.1842114,0.7038257304080024,0.5367089307978125,0.18998757276054837,158317.38280712068,28673889.647842273,67386358.8486541,1.2532785083456,2.3278978166993896,2.355684077962732,-83285.11296294516,-25824395022332.668,-7543376571270.878
125.00884812678423,1382.5450995384488,144.2379949473645,0.01521699312122727,0.023511635051756775,0.02803616317680615,0.008294641930529456,0.012819170055578902,-0.0045245281250493605,0.6010759867766889,0.5767195279470418,0.40673996453849953,0.018787797010423542,0.030938265028729706,0.034085651205668754,2.651659442747098,2.8208812806977006,-0.03564782591890609,6902902.807960474,599308944.0389179,148864337.37283015,0.5558985171212801,0.44519606781542037,0.1848314700931068,158615.19784136518,28730990.281763893,67404177.03099717,1.3999005389471826,2.314210705638189,2.3310640637256563,-79674.2843386069,-29854447682545.883,-8063508546501.172
126.29981398606071,1399.909904510461,146.52461929667214,0.010871820962578431,0.013970907363091051,0.017730885600953834,0.0030990864005125793,0.006859064638375429,-0.0037599782378627752,0.6608684949052948,0.5558179690558593,0.4068051461990744,0.01521699312122727,0.023511635051756775,0.02803616317680615,3.184893512990891,3.1106575922107456,-0.04294652588422774,6923080.5441392055,597784898.0223749,148965362.92140216,0.3762770696495916,0.3803646090968049,0.17764603358961617,158767.45543694432,28766916.143840432,67414887.88417603,1.5848633503201912,2.3184669845139623,2.3149731290005184,-76922.24004654428,-33404630646261.4,-8480634117813.401
127.02365783982773,1406.0614318499581,147.58938511414883,0.006136841337726868,0.005062921462446347,0.008274546284942595,-0.00107391987528055,0.0021377049472157553,-0.0032116248224962228,0.7271729702784339,0.5502646975990342,0.4233626808264242,0.010871820962578431,0.013970907363091051,0.017730885600953834,3.722157370820578,3.379606544806163,-0.043826960076490395,6948819.709375887,596834651.6668148,149426343.02747488,0.3379644548355843,0.3895673579771468,0.16884975972878613,158829.2636098572,28724362.935394105,67426249.21551172,1.8087839800462933,2.3170736259667395,2.3157120938778792,-74029.63298229157,-35830897594217.516,-8539859938460.007
127.52683557302322,1409.887163500007,148.3217427994534,0.0042691896425264275,0.0031705438173338708,0.005554131480028025,-0.0010986458251925732,0.0012849418375016292,-0.002383587662694137,0.7932924908786443,0.5537681786674781,0.4510045329817005,0.006136841337726868,0.005062921462446347,0.008274546284942595,4.2551301217426785,3.638622405797854,-0.043774542047232065,6967643.705807624,595753042.3968065,149900932.83211607,0.2859601678579102,0.34272881123014015,0.1588676204621755,158803.1930571831,28657335.15973059,67432187.1372485,2.0740490273983965,2.327307394495237,2.3249057994511673,-71321.6576349954,-37623258119551.5,-8469568608888.15
127.82515346570845,1413.704607080051,148.6731604072439,0.002531707129465354,0.0030376318460697102,0.0024677618475417253,0.0005059247166043511,-6.394528192359594e-05,0.0005698699985280055,0.8553379069752808,0.564995443145683,0.48497558107353717,0.0042691896425264275,0.0031705438173338708,0.005554131480028025,4.754651693920289,3.86532800851644,-0.042724129559482606,6979679.330421958,594585654.7818947,150373533.67132968,0.21780050454226613,0.28905825482092995,0.14811766650836067,158679.26376806092,28570291.106841512,67433065.85269414,2.3455660991933374,2.347698564336028,2.341432960483591,-67440.94009337897,-38791332048765.54,-8284820584006.836
127.69684696515391,1415.7574680896887,148.47761599203807,-0.001049139775605112,0.0015246111032921586,-0.00183565521565423,0.0025737508788972884,-0.0007865154400490854,0.0033602663189464246,0.9084203891856719,0.5903216849286371,0.5358831048946399,0.002531707129465354,0.0030376318460697102,0.0024677618475417253,5.224481558062529,4.061613210707674,-0.040747034433723614,6995436.6766622,594363412.2850173,151212922.16648203,0.18257979242191852,0.24426900640801286,0.13699917795467653,158490.55949480913,28588258.826036096,67454064.9210144,2.611564480832984,2.359290660262659,2.355393416598265,-65310.666103122836,-37110630483595.2,-7691018804093.447
127.38645370570022,1415.7986189556718,148.34914490359165,-0.0025895152099422144,-0.0001654783578712185,-0.0015568366047437284,0.00242403685207101,0.001032678605198517,0.0013913582468725492,0.9557479289438018,0.6226310958156052,0.5903885033592349,-0.001049139775605112,0.0015246111032921586,-0.00183565521565423,5.665393989048669,4.233821496358555,-0.04287523778752882,7006230.601978552,594238987.669277,152062810.3971247,0.12754775774094812,0.21626061264414714,0.1258825629177205,158257.1288640382,28607571.108530138,67473542.3348722,2.900616089883677,2.375945826788747,2.373295024603524,-62878.919528798615,-34648663820434.05,-6986563598048.594
126.85120316102088,1409.112996166387,148.41423980888214,-0.004485757931537793,-0.0054211252729874215,-0.0004099936140794459,-0.0009353673414495949,0.004075764317458388,-0.0050111316589079484,0.994084818143179,0.6594342126349441,0.6392745123388185,-0.0025895152099422144,-0.0001654783578712185,-0.0015568366047437284,6.046653357264734,4.368374308553591,-0.04698436367232763,7012233.630703911,594206331.8850324,152896651.74278936,0.09098949379584634,0.15557523987734356,0.11510113249692845,158001.15743042328,28627514.12951887,67491065.93729804,3.18174405533279,2.396658101858564,2.394206621070151,-60693.77002604287,-31557417568975.99,-6203653964666.769
125.99959857597884,1398.370545771039,148.2139575603771,-0.00715168183600105,-0.00863623832500491,-0.0025063527732126184,-0.001484556489003832,0.004645329062788457,-0.0061298855517922645,1.0271444030650585,0.7032356813636729,0.687907318915015,-0.004485757931537793,-0.0054211252729874215,-0.0004099936140794459,6.365987187941252,4.458120610272515,-0.048653046058476736,7031450.462635619,595367330.7226614,153691334.65160385,0.04787137143137933,0.10878814719090005,0.10494481114330775,157726.11841725712,28646676.424523164,67511937.00136235,3.434306902577008,2.4334004063656427,2.4258708592580107,-58678.69237278141,-26521793495594.457,-5298892265683.123
125.24027749216165,1389.5223240420944,148.32351359091126,-0.006388189437416826,-0.007253440057862077,-0.0005147963738412664,-0.0008652506204452313,0.005873393063575581,-0.006738643684020785,1.053976803400868,0.7497206991937091,0.739480802546745,-0.00715168183600105,-0.00863623832500491,-0.0025063527732126184,6.643308019911881,4.514088663511371,-0.052415268824256636,7048363.442495087,596713878.7548476,154426704.4799888,0.04531992016041766,0.16737411935737387,0.09565577759074992,157447.77975288988,28665138.197291333,67530862.64897937,3.689584258019494,2.473467468231044,2.459592547849345,-56420.31171366265,-21018654704683.242,-4369091458627.3477
124.63566119196133,1380.8573547647818,148.70288659766467,-0.005128159240272046,-0.007181436638513294,0.0011886314365936823,-0.0020532773982412256,0.006316790676865733,-0.008370068075106953,1.0658604059008407,0.792005833157383,0.782361316147079,-0.006388189437416826,-0.007253440057862077,-0.0005147963738412664,6.853497528088091,4.542717251521001,-0.054848811248730846,7062695.566093757,598187024.6211699,155086631.4411356,0.030299016411739627,0.1897942707264791,0.08742597406572536,157179.66156237267,28682415.646863945,67547469.6523653,3.919646350177147,2.5153247998629737,2.494154291146065,-54522.10976904589,-15259846831722.652,-3444649478518.3296
124.2470486860222,1374.2758617722566,149.24654448681284,-0.0033843580997197716,-0.005673452942676495,0.0022015336511318068,-0.002289094842956701,0.005585891750851576,-0.00787498659380828,1.0679760678368249,0.8288876970675854,0.819268214698823,-0.005128159240272046,-0.007181436638513294,0.0011886314365936823,6.996963159604038,4.529811463184038,-0.052593535093295715,7085645.925349746,601247170.1622249,155853582.51293364,-0.013957767454422794,0.20484157883687942,0.08039637167123148,156937.16534403598,28676155.782073375,67572325.86584167,4.146112842613721,2.579195654335821,2.5241062313787315,-53554.56472581944,-8831899441106.441,-2586968262064.6636
123.59054297009631,1362.4059422258165,149.78490516344178,-0.005574668461203606,-0.009667384790410901,0.002124532445285913,-0.004092716329207261,0.007699200906489511,-0.011791917235696796,1.0608147315674696,0.8535184200265236,0.8424680143089751,-0.0033843580997197716,-0.005673452942676495,0.0022015336511318068,7.076073333180267,4.49496190978525,-0.04893598050060522,7106917.285919644,604476691.0443076,156544061.75216386,-0.07573513991033629,0.10641190877113335,0.07465783836605004,156724.7337872119,28665787.130299665,67595526.68199517,4.316549300528224,2.644302553731309,2.5523407906467694,-53124.02724514104,-2465181506318.659,-1788790969394.4243
122.75888653666011,1349.3292363672456,149.60212274750458,-0.00702351872784892,-0.010580302886416466,-0.0027603479922167686,-0.0035567841585675253,0.004263170735632137,-0.007819954894199696,1.0397997524863734,0.8671956985215615,0.829912105357433,-0.005574668461203606,-0.009667384790410901,0.002124532445285913,7.094890289403467,4.444618454432784,-0.04423610195216562,7126039.406854962,607761764.1068528,157145001.96490616,-0.12182172092334834,0.07133784844882787,0.07025342324040527,156566.6033724539,28652031.629794337,67616541.61607344,4.464445633635431,2.7085686865753087,2.5781826702686006,-52942.962695176255,3655428380179.905,-1068112526909.3765
121.98677615046773,1338.7464240035144,149.54482433373596,-0.0065242743468396395,-0.008655656699269284,-0.001832618197813001,-0.002131382352429626,0.004691656149026607,-0.006823038501456285,1.002549675107529,0.8641175457767553,0.7743036973054218,-0.00702351872784892,-0.010580302886416466,-0.0027603479922167686,7.058878841322242,4.353170790982581,-0.03929912820000501,7151865.322491101,613137457.9399378,157503812.09742704,-0.07889099220735873,0.08483305870528812,0.06718184693011282,156450.65789799803,28576113.63044571,67643624.6082617,4.564618964422854,2.765821145537649,2.6010958818201906,-53522.925719352665,10240564226623.215,-406271942865.55225
121.35859851838056,1329.8287001560511,149.76206659233213,-0.0053258209717566875,-0.0073549715210543265,0.00011623860532462556,-0.002029150549297609,0.005442059577081278,-0.0074712101263789445,0.9586815030258266,0.8553775115562388,0.7052239948156158,-0.0065242743468396395,-0.008655656699269284,-0.001832618197813001,6.974602172809473,4.258932770147921,-0.03305687797706031,7175863.895888893,618587919.6515163,157744338.35377303,-0.011896606596747324,0.1266207561749437,0.06540197284294623,156393.11723404785,28492316.922118574,67668690.3629833,4.654836393198849,2.8183737242376257,2.620685895762016,-54367.53466953085,16377264361623.5,157735151059.85626
120.7462996939507,1321.7235876886525,149.9773059572987,-0.005181796624116437,-0.006681616279378012,0.0002257957625320027,-0.0014998196552615444,0.005407592386648416,-0.006907412041910008,0.9146285633205512,0.8422431527113541,0.6315235497146725,-0.0053258209717566875,-0.0073549715210543265,0.00011623860532462556,6.849415105963697,4.13886056829229,-0.022987146437098274,7197497.9040702395,623942158.6023914,157871193.33387122,0.07088723865070536,0.1250630612123854,0.0648380269792079,156399.64711947128,28403943.276960596,67691188.63134325,4.713386987301279,2.865119833340476,2.6366973314367987,-55468.136684605284,21926271352275.05,616771891060.9282
120.39555776114531,1319.526178837334,150.65553553604968,-0.0030156798674191914,-0.00221764084549914,0.003425628997772125,0.0007980390219200665,0.0064413088651912795,-0.005643269843271261,0.885451625046195,0.8247626022330584,0.5685336541975304,-0.005181796624116437,-0.006681616279378012,0.0002257957625320027,6.691164292623587,4.017269769573452,-0.005424773658019494,7230618.474311345,629650640.9001071,158311240.51594347,0.16265808221389164,0.12439124390971137,0.06538533489246719,156454.38460276817,28415246.798009597,67713301.21392688,4.741680912374428,2.9052377365328272,2.6490077036009994,-57672.33439763412,27070062503293.195,936156990330.0652
120.1083752887861,1318.6804255060276,151.69633276084406,-0.002471818459331575,-0.0011184347537313217,0.005931795133901783,0.001353383705600265,0.008403613593233335,-0.007050229887633116,0.8577587033800965,0.8036536124175186,0.5035852714339359,-0.0030156798674191914,-0.00221764084549914,0.003425628997772125,6.507903631838781,3.894419957639294,0.012854105052891994,7262111.2632989995,635044017.7410482,158697419.26433018,0.25976409895434255,0.12453687102001341,0.06691635196762652,156564.15679965235,28438116.663013414,67732403.30183433,4.741895017569028,2.9381867173099585,2.6576178074407495,-60294.222307431046,31471631664110.727,1144433459962.3865
120.14623680499923,1321.236734742671,152.9885971183337,0.0001983666864147543,0.0014788352244907734,0.007707352115562007,0.0012804685380760265,0.007508985429147244,-0.006228516891071248,0.8383801385571139,0.7861378205836754,0.47128700258545697,-0.002471818459331575,-0.0011184347537313217,0.005931795133901783,6.307631928177292,3.7751325281693737,0.031229472741125575,7291194.265488919,639991998.3656636,159023531.0599483,0.35875859105211805,0.12541382928868483,0.06928677677624112,156712.17707285855,28470710.141626444,67748222.88189602,4.742830861717099,2.963695198490078,2.6626393666733024,-63005.45475702535,35073153958923.188,1246463868832.604
120.25653906544106,1325.7267110133698,154.28639686652434,0.0008193106265047283,0.0030040242973508246,0.00791483486678184,0.0021847136708461005,0.007095524240277092,-0.0049108105694310325,0.8208972811622394,0.7667937405008207,0.44247154349927553,0.0001983666864147543,0.0014788352244907734,0.007707352115562007,6.098058437036634,3.6571598658013644,0.04927041947830203,7329086.119495179,643989164.9768478,159518924.9942062,0.45648287620855243,0.12692267685182856,0.07234155580070703,156892.92000655836,28510414.068129376,67779247.81749468,4.737388195598849,2.9470709755974833,2.6556095889824007,-66389.27031894946,37566697105486.7,1280830040750.8218
120.35046092787547,1327.6973883265978,154.06184615690023,0.0007176350527651328,0.0012751077682435405,-0.0019353703088032387,0.0005574727154784217,-0.0026530053615683763,0.0032104780770467476,0.8037637718787567,0.7288938749765433,0.4291275114900779,0.0008193106265047283,0.0030040242973508246,0.00791483486678184,5.886400541898944,3.548499673696115,0.08573915895741178,7364653.684515957,647319543.9776081,159972483.5352121,0.5501322465630869,0.12895495935310308,0.07592061024870514,157098.12104669143,28555836.279938135,67808692.8250086,4.716368150224459,2.9196960457262238,2.6446145013911173,-68836.94621511268,39203553724229.266,1229407314254.693
120.41330477623019,1327.7516762587052,153.23328165153148,0.0004898239525888078,-5.2662457881511113e-05,-0.005872006078519108,-0.0005424864104703068,-0.006361830031107916,0.0058193436206375624,0.7929324665822135,0.6877865518467193,0.424592468922683,0.0007176350527651328,0.0012751077682435405,-0.0019353703088032387,5.653216420018053,3.4499205105905073,0.12279884971988819,7397062.362499178,649949902.7589641,160374783.46606106,0.6373047124852752,0.13139736482365705,0.0798641409444423,157343.27835141047,28605042.282167874,67835832.54702088,4.668959064880774,2.8834667274703034,2.630380487517229,-72448.08613520619,40020286769370.7,1102317260980.5366
120.74253509646252,1331.4159851098407,153.01994685515368,0.0026813557305325987,0.00271669961210408,-0.001469157209555428,3.534388157149078e-05,-0.004150512940088038,0.004185856821659486,0.7869786245622534,0.6562216802502051,0.43250645832748597,0.0004898239525888078,-5.2662457881511113e-05,-0.005872006078519108,5.388654217724708,3.336531648477745,0.1592786059145203,7435845.116809102,653816093.5794154,160954617.14984328,0.7160327904406866,0.1341356088024459,0.08401739434227248,157598.76157511526,28621913.415709604,67887817.52042131,4.609222116125034,2.9053553392158658,2.613658460405212,-75027.36947923418,40481987806916.87,983357895204.3796
121.48274333177774,1339.8107835225671,153.29933300075905,0.005995798659391115,0.006241951689862828,0.001937415921543573,0.0002461530304717079,-0.0040583827378475636,0.004304535768319234,0.7802693459010768,0.6442278585829221,0.4698700004457038,0.0026813557305325987,0.00271669961210408,-0.001469157209555428,5.109088609128959,3.2241357231219268,0.19414202831225363,7471363.10718376,657182577.5104393,161495501.200752,0.7847990768873362,0.1370579601192825,0.08823480057005145,157885.40362919614,28635534.033425875,67939269.67086905,4.5531821987611165,2.9288934296103957,2.595198882192241,-78040.66340448234,40296785006500.91,819578329149.7068
122.46697844360813,1354.308378588344,153.3755199817811,0.00795004600503584,0.010649805068112294,0.0007534567082568963,0.0026997590630764316,-0.007196589296778965,0.009896348359855377,0.7757150924021926,0.6254822011617075,0.49597727721119356,0.005995798659391115,0.006241951689862828,0.001937415921543573,4.822606903118916,3.098905318608032,0.226504847620846,7502877.270305439,659998330.7230475,161985104.06054726,0.8425367623827008,0.14005833750085697,0.09238342215795099,158207.37936899305,28645820.568367742,67988698.71614595,4.479150807170758,2.953209908077161,2.5757292953347997,-83039.44803507123,39534924835931.52,620373969826.01
123.67274969094721,1372.537662789893,153.92421972024755,0.009705329752215757,0.013317021233501697,0.003930907883040266,0.003611691481285902,-0.00577442186917551,0.009386113350461415,0.7762975379651658,0.6118811483560319,0.526296405409219,0.00795004600503584,0.010649805068112294,0.0007534567082568963,4.534995160616309,2.9846207949872863,0.2642262395699537,7536892.828005788,661867379.6927035,162593256.01254657,0.888616576457048,0.1430389270192483,0.09634567892232206,158533.62615374045,28606712.83276439,68051289.89541079,4.388148030524313,2.951497441454935,2.5516057883030583,-92096.50076154908,37621806837341.13,381946357339.9027
124.79227632282398,1390.11168868759,153.91500525525993,0.009052512399665468,0.012922443465419271,0.0004070601336192257,0.003869931065753749,-0.00864545226604626,0.012515383331800018,0.7808090865650155,0.6060712445353756,0.5633886788148006,0.009705329752215757,0.013317021233501697,0.003930907883040266,4.269994737545474,2.8723760998789962,0.32308870513705207,7566715.894095928,663110303.3746128,163151865.0889696,0.922821911830249,0.14591228977522305,0.10002133964258636,158856.08947540092,28559773.48573844,68111183.25988683,4.320601090626783,2.9464102982512834,2.527347458325399,-100240.99319253267,35233890333489.54,125614545382.20908
125.69266400182835,1409.0724613348898,153.48542383911322,0.007337753392610301,0.013905136629398643,-0.002304564309913033,0.006567383236788297,-0.009642317702523336,0.01620970093931165,0.7747494339637464,0.6053283411429208,0.6016305957470774,0.009052512399665468,0.012922443465419271,0.0004070601336192257,4.033294514655358,2.7467045912851655,0.3805822629933291,7591871.025754177,663752426.5870929,163649127.30508122,0.9453140563112225,0.14860294756234366,0.10332879410154663,159170.87378063332,28507193.868842933,68166851.79011865,4.256190812000203,2.9384385604204586,2.503695537595744,-110270.47658464193,32490292670018.42,-139141091741.18152
126.26283399287745,1425.930282877413,152.34706642640785,0.004711779241863808,0.012454808012497234,-0.007063147715184185,0.00774302877063338,-0.011774926957047979,0.019517955727681394,0.7693135369985177,0.60859444904144,0.6403802860165144,0.007337753392610301,0.013905136629398643,-0.002304564309913033,3.829165478614593,2.635769095812163,0.4352189971741785,7626487.8824739745,665498448.6807121,164514047.48042923,0.9565895646547619,0.1510484511438819,0.10620563929156447,159477.84344192347,28559080.397571687,68226582.11362372,4.196535836876275,2.906451839560102,2.485627942811182,-110221.617340001,31225404692793.867,-369610962399.99756
126.4918289650353,1435.1771137793617,151.14768163418074,0.0019646932441796,0.007083836644154686,-0.007429738151682127,0.005119143399975054,-0.009394431395861696,0.014513574795836781,0.7668355603656862,0.6089903153767143,0.6569564819771225,0.004711779241863808,0.012454808012497234,-0.007063147715184185,3.6604743818194665,2.5358940770120957,0.48564548802171764,7657491.386047573,666905689.1045481,165347152.21382958,0.9574318352243045,0.15319995083294985,0.10860863078383359,159755.24083382695,28620379.861500412,68280842.14136958,4.15595028415845,2.8704712355989783,2.469798269220741,-110050.35549962413,30008906072507.95,-588405347120.9321
126.3611905710263,1438.6984481777342,149.82545013215093,-0.0009622395113727845,0.0029546605649573886,-0.008255080028986738,0.003916900076330159,-0.007292840517613918,0.011209740593944108,0.7686483962911909,0.6047953808206022,0.6629922806018115,0.0019646932441796,0.007083836644154686,-0.007429738151682127,3.5287381632492685,2.4237297377816724,0.5307699651438513,7684312.7666823855,667965808.8128641,166126629.907475,0.9488589236801639,0.1550223020281225,0.11051306420336081,159994.11126152525,28688311.983191255,68328551.10209976,4.097744778187655,2.831975554965998,2.456457614912722,-107053.55917829623,28872452832075.387,-790127962956.1451
126.02376829928741,1440.7902956909377,148.78030208835958,-0.002644621391209029,0.0019285658169182786,-0.006358862570344658,0.0045731872081272995,-0.0037142411791355892,0.008287428387262936,0.7708391882996041,0.5990198128205884,0.6650624894197739,-0.0009622395113727845,0.0029546605649573886,-0.008255080028986738,3.434213421638612,2.3230699403408415,0.5698988955994561,7726465.280253245,669253599.2859625,166823516.18453163,0.9320695355800324,0.15649374904293423,0.11191166235483446,160201.80130860797,28760678.633217275,68369798.63369393,4.071427479468309,2.7750291757473358,2.4457572975881234,-104998.20571375222,27963498130723.816,-952058028319.1526
125.61468720574379,1442.5830495820924,147.89226454629656,-0.0032154829975920016,0.0017019510961294195,-0.005318728947091002,0.004917434093721406,-0.0021032459494989713,0.007020680043220413,0.7760139070561711,0.6089397473673254,0.6525869689898853,-0.002644621391209029,0.0019285658169182786,-0.006358862570344658,3.376014751539864,2.238564024433868,0.6022279661415166,7765843.78805942,670267749.7331722,167433581.09834665,0.908389000222513,0.15760523888497677,0.11281305082051574,160364.61831172416,28834478.35924418,68403327.45311788,4.054599086236848,2.7165255591781197,2.4377542930683407,-99790.31142425005,27193203755585.688,-1087452496296.2847
125.0385756053822,1442.890936596669,147.12536282205096,-0.00458373279209695,0.0006052408205143879,-0.0045426456798961954,0.00518897361261134,4.108711220079551e-05,0.005147886500410579,0.7826601995624726,0.6210997680688265,0.6295641852271379,-0.0032154829975920016,0.0017019510961294195,-0.005318728947091002,3.337955505904795,2.1731317793845766,0.6275672906451256,7801544.335443195,671005199.6436658,167947204.83782977,0.8792168483940702,0.15835942257626576,0.1132399089150134,160498.805065177,28907353.861891065,68428903.56700587,4.059815559741429,2.658375537490482,2.4324189602084862,-92804.4072209706,26570812505293.805,-1194903092586.815
124.47583389689532,1445.735106811888,146.89079038556838,-0.004465389557039216,0.0023561227831851517,-0.0010348673732513908,0.0068215123402243765,0.003430522183787868,0.003390990156436541,0.789153077709333,0.6300434972419612,0.6000461197084784,-0.00458373279209695,0.0006052408205143879,-0.0045426456798961954,3.313263519656089,2.1235288054586765,0.64585566397902,7832863.702025297,671471495.5738001,168358622.80822968,0.8459774062966496,0.15876940522113786,0.11322688393261089,160569.90899132928,28977211.29841653,68446554.96249491,4.074715919103308,2.602288251846893,2.429644591828363,-82716.04122138998,26100205804872.297,-1273980686470.6875
123.95246534235028,1452.0969068012287,147.29495148116703,-0.004142138368926588,0.004726535907005818,0.003098941774326407,0.008868674275932405,0.007241080143253023,0.0016275941326794126,0.7990049329730773,0.6320552183445847,0.5658808850977519,-0.004465389557039216,0.0023561227831851517,-0.0010348673732513908,3.2870428264425704,2.0901402647616063,0.6573795300601541,7859300.42488843,671679764.043707,168665713.04734272,0.8100745862200716,0.15885730744488863,0.11281835493047031,160606.68525512647,29042256.752336953,68456544.56956019,4.110884764955901,2.5497400472122562,2.4292583225314006,-75621.68058512574,25780323400346.77,-1325150250372.0525
123.25687868298922,1459.2446195875984,148.00554792277077,-0.005568718793990222,0.005185305282017794,0.005041449239706766,0.010754024076008029,0.01061016803369701,0.00014385604231103265,0.8006526750579027,0.6501500864063183,0.5458398389470049,-0.004142138368926588,0.004726535907005818,0.003098941774326407,3.2604329177571265,2.075086370191395,0.6726396236313704,7880549.666718597,671649559.745312,168869695.62112418,0.7728518105645492,0.1586527002229177,0.11206612818062969,160612.36333489013,29101020.058295224,68459338.87883213,4.142110183274557,2.5019534616247157,2.431032930488193,-68672.85559493414,25605689334263.395,-1349667500372.1191
